id,timestamp,feeTier,poolId,token0,token1,tickLower,tickUpper
"0x70851b63a79bb8e6c644a7821adaa5814bbf9eee88095896283ae1f0a33e98f3","1730415659","100","0xe0554a476a092703abdb3ef35c80e0d76d32939f","USDC","WETH","198203","198204"
"0xffc4c367f505b71d0f1ed6b7ff69facf1504f906665481560d937d9281b6ecf8","1730415731","3000","0x99a6880748ceb61c3d9b6d4cd49edb59f79f405d","AGIX","WETH","140880","148200"
"0x1aa3fc280c7de664fc38cdd250bdeae8b2205aca2809e57cd7d5227fe8883daa","1730415839","3000","0x57af956d3e2cca3b86f3d8c6772c03ddca3eaacb","PENDLE","WETH","-63540","-63120"
"0x514a8a69dc8a40bec465fdf8e444bb5feb27d3c132eac27a4872bbf3a4a0cbaf","1730415827","3000","0xa6cc3c2531fdaa6ae1a3ca84c2855806728693e8","LINK","WETH","-54000","-53940"
"0x5f8fc5e1569b9e7d8746ed9859e7da6ccb01eb96113d7e8cd30bee16dba42b7e","1730415827","10000","0x841820459769cd629b10a36fd12e603938cc2679","WLD","WETH","-72000","-71800"
"0x605b01a2b4a7964f0872a3878fbb1971158cad692b5badbf363bc37e062485c3","1730415803","3000","0xa6cc3c2531fdaa6ae1a3ca84c2855806728693e8","LINK","WETH","-54960","-52200"
"0xb7075b76833b3e9c4a5ae058ca44fd4619f0a286c9bcfd9a1afece30b6684734","1730415815","10000","0xdd949d1fe117744a38319c7b7dcc045d630bcc8d","WETH","BERRY","-887200","887200"
"0x68e2f14a38310a2be64d1b7a171b25ff76320750c25b2d2789d4e091fbcefe73","1730415863","10000","0x15a1902069499fa225ca9bb3b5fdedf7d331e939","VOLT","LOTUS","-887200","887200"
"0x70851b63a79bb8e6c644a7821adaa5814bbf9eee88095896283ae1f0a33e98f3","1730415659","100","0xe0554a476a092703abdb3ef35c80e0d76d32939f","USDC","WETH","198203","198204"
"0xffc4c367f505b71d0f1ed6b7ff69facf1504f906665481560d937d9281b6ecf8","1730415731","3000","0x99a6880748ceb61c3d9b6d4cd49edb59f79f405d","AGIX","WETH","140880","148200"
"0x1aa3fc280c7de664fc38cdd250bdeae8b2205aca2809e57cd7d5227fe8883daa","1730415839","3000","0x57af956d3e2cca3b86f3d8c6772c03ddca3eaacb","PENDLE","WETH","-63540","-63120"
"0x514a8a69dc8a40bec465fdf8e444bb5feb27d3c132eac27a4872bbf3a4a0cbaf","1730415827","3000","0xa6cc3c2531fdaa6ae1a3ca84c2855806728693e8","LINK","WETH","-54000","-53940"
"0x5f8fc5e1569b9e7d8746ed9859e7da6ccb01eb96113d7e8cd30bee16dba42b7e","1730415827","10000","0x841820459769cd629b10a36fd12e603938cc2679","WLD","WETH","-72000","-71800"
"0x605b01a2b4a7964f0872a3878fbb1971158cad692b5badbf363bc37e062485c3","1730415803","3000","0xa6cc3c2531fdaa6ae1a3ca84c2855806728693e8","LINK","WETH","-54960","-52200"
"0xb7075b76833b3e9c4a5ae058ca44fd4619f0a286c9bcfd9a1afece30b6684734","1730415815","10000","0xdd949d1fe117744a38319c7b7dcc045d630bcc8d","WETH","BERRY","-887200","887200"
"0x68e2f14a38310a2be64d1b7a171b25ff76320750c25b2d2789d4e091fbcefe73","1730415863","10000","0x15a1902069499fa225ca9bb3b5fdedf7d331e939","VOLT","LOTUS","-887200","887200"
"0x7acec08de3bea6fab0ff6bc1f9abc60f7f962abb181ce1cd8f0488955ffcd7c3","1730416031","3000","0xe8c6c9227491c0a8156a0106a0204d881bb7e531","MKR","WETH","-7980","-7680"
"0x04700c0b00f912d35acf8b5d2f5d537cb3bdfe2ef9eda1756869f0d170518b53","1730416103","500","0x4585fe77225b41b697c938b018e2ac67ac5a20c0","WBTC","WETH","262030","263180"
"0x109d5f19f4461b731bec32b23d0aded3f68da418d144c254408b42393ff39dc5","1730416115","3000","0x4e68ccd3e89f51c3074ca5072bbac773960dfa36","WETH","USDT","-200460","-193740"
"0x37464a819a8f665a8ce48c3599ac76a3d140e229c0eaabea564801536cdec623","1730416091","3000","0x4e68ccd3e89f51c3074ca5072bbac773960dfa36","WETH","USDT","-200460","-193740"
"0x4b72d17683bedd16c0af0c093f2201143a1a4c86a363a84d2080a68181b04e8c","1730416103","3000","0xe8c6c9227491c0a8156a0106a0204d881bb7e531","MKR","WETH","-7980","-7680"
"0x4f5974c7725f3f312f8acb007eded69b2d08f60bd45c672ab85d6468d595d375","1730416139","3000","0x99ac8ca7087fa4a2a1fb6357269965a2014abc35","WBTC","USDC","61740","65280"
"0x0927300e889b655269d2194fe82444e486f66d279041e1fb2a6a8cc0775c274b","1730416163","500","0x11b815efb8f581194ae79006d24e0d814b7697f6","WETH","USDT","-197980","-197590"
"0x1e2c5538cba29c4fb8a66c3684bef6728ee3cd0746695465fb7a3dc0710fc820","1730416283","10000","0xe697b7bc261ada9cbd93525f92e1436d75b86468","WEL","WETH","-111000","-97200"
"0x43b3e40c73eeb4a384a211949a6adf9863405e6917f61156ec0c363066ed2e19","1730416283","3000","0x4e68ccd3e89f51c3074ca5072bbac773960dfa36","WETH","USDT","-199140","-194760"
"0x70851b63a79bb8e6c644a7821adaa5814bbf9eee88095896283ae1f0a33e98f3","1730415659","100","0xe0554a476a092703abdb3ef35c80e0d76d32939f","USDC","WETH","198203","198204"
"0x70851b63a79bb8e6c644a7821adaa5814bbf9eee88095896283ae1f0a33e98f3","1730415659","100","0xe0554a476a092703abdb3ef35c80e0d76d32939f","USDC","WETH","198203","198204"
"0x70851b63a79bb8e6c644a7821adaa5814bbf9eee88095896283ae1f0a33e98f3","1730415659","100","0xe0554a476a092703abdb3ef35c80e0d76d32939f","USDC","WETH","198203","198204"
"0x1aa3fc280c7de664fc38cdd250bdeae8b2205aca2809e57cd7d5227fe8883daa","1730415839","3000","0x57af956d3e2cca3b86f3d8c6772c03ddca3eaacb","PENDLE","WETH","-63540","-63120"
"0x514a8a69dc8a40bec465fdf8e444bb5feb27d3c132eac27a4872bbf3a4a0cbaf","1730415827","3000","0xa6cc3c2531fdaa6ae1a3ca84c2855806728693e8","LINK","WETH","-54000","-53940"
"0x5f8fc5e1569b9e7d8746ed9859e7da6ccb01eb96113d7e8cd30bee16dba42b7e","1730415827","10000","0x841820459769cd629b10a36fd12e603938cc2679","WLD","WETH","-72000","-71800"
"0x605b01a2b4a7964f0872a3878fbb1971158cad692b5badbf363bc37e062485c3","1730415803","3000","0xa6cc3c2531fdaa6ae1a3ca84c2855806728693e8","LINK","WETH","-54960","-52200"
"0x68e2f14a38310a2be64d1b7a171b25ff76320750c25b2d2789d4e091fbcefe73","1730415863","10000","0x15a1902069499fa225ca9bb3b5fdedf7d331e939","VOLT","LOTUS","-887200","887200"
"0x70851b63a79bb8e6c644a7821adaa5814bbf9eee88095896283ae1f0a33e98f3","1730415659","100","0xe0554a476a092703abdb3ef35c80e0d76d32939f","USDC","WETH","198203","198204"
"0x1aa3fc280c7de664fc38cdd250bdeae8b2205aca2809e57cd7d5227fe8883daa","1730415839","3000","0x57af956d3e2cca3b86f3d8c6772c03ddca3eaacb","PENDLE","WETH","-63540","-63120"
"0x514a8a69dc8a40bec465fdf8e444bb5feb27d3c132eac27a4872bbf3a4a0cbaf","1730415827","3000","0xa6cc3c2531fdaa6ae1a3ca84c2855806728693e8","LINK","WETH","-54000","-53940"
"0x5f8fc5e1569b9e7d8746ed9859e7da6ccb01eb96113d7e8cd30bee16dba42b7e","1730415827","10000","0x841820459769cd629b10a36fd12e603938cc2679","WLD","WETH","-72000","-71800"
"0x605b01a2b4a7964f0872a3878fbb1971158cad692b5badbf363bc37e062485c3","1730415803","3000","0xa6cc3c2531fdaa6ae1a3ca84c2855806728693e8","LINK","WETH","-54960","-52200"
"0x68e2f14a38310a2be64d1b7a171b25ff76320750c25b2d2789d4e091fbcefe73","1730415863","10000","0x15a1902069499fa225ca9bb3b5fdedf7d331e939","VOLT","LOTUS","-887200","887200"
"0x70851b63a79bb8e6c644a7821adaa5814bbf9eee88095896283ae1f0a33e98f3","1730415659","100","0xe0554a476a092703abdb3ef35c80e0d76d32939f","USDC","WETH","198203","198204"
"0x1aa3fc280c7de664fc38cdd250bdeae8b2205aca2809e57cd7d5227fe8883daa","1730415839","3000","0x57af956d3e2cca3b86f3d8c6772c03ddca3eaacb","PENDLE","WETH","-63540","-63120"
"0x514a8a69dc8a40bec465fdf8e444bb5feb27d3c132eac27a4872bbf3a4a0cbaf","1730415827","3000","0xa6cc3c2531fdaa6ae1a3ca84c2855806728693e8","LINK","WETH","-54000","-53940"
"0x5f8fc5e1569b9e7d8746ed9859e7da6ccb01eb96113d7e8cd30bee16dba42b7e","1730415827","10000","0x841820459769cd629b10a36fd12e603938cc2679","WLD","WETH","-72000","-71800"
"0x605b01a2b4a7964f0872a3878fbb1971158cad692b5badbf363bc37e062485c3","1730415803","3000","0xa6cc3c2531fdaa6ae1a3ca84c2855806728693e8","LINK","WETH","-54960","-52200"
"0x68e2f14a38310a2be64d1b7a171b25ff76320750c25b2d2789d4e091fbcefe73","1730415863","10000","0x15a1902069499fa225ca9bb3b5fdedf7d331e939","VOLT","LOTUS","-887200","887200"
"0x70851b63a79bb8e6c644a7821adaa5814bbf9eee88095896283ae1f0a33e98f3","1730415659","100","0xe0554a476a092703abdb3ef35c80e0d76d32939f","USDC","WETH","198203","198204"
"0x04700c0b00f912d35acf8b5d2f5d537cb3bdfe2ef9eda1756869f0d170518b53","1730416103","500","0x4585fe77225b41b697c938b018e2ac67ac5a20c0","WBTC","WETH","262030","263180"
"0x0927300e889b655269d2194fe82444e486f66d279041e1fb2a6a8cc0775c274b","1730416163","500","0x11b815efb8f581194ae79006d24e0d814b7697f6","WETH","USDT","-197980","-197590"
"0x109d5f19f4461b731bec32b23d0aded3f68da418d144c254408b42393ff39dc5","1730416115","3000","0x4e68ccd3e89f51c3074ca5072bbac773960dfa36","WETH","USDT","-200460","-193740"
"0x37464a819a8f665a8ce48c3599ac76a3d140e229c0eaabea564801536cdec623","1730416091","3000","0x4e68ccd3e89f51c3074ca5072bbac773960dfa36","WETH","USDT","-200460","-193740"
"0x4b72d17683bedd16c0af0c093f2201143a1a4c86a363a84d2080a68181b04e8c","1730416103","3000","0xe8c6c9227491c0a8156a0106a0204d881bb7e531","MKR","WETH","-7980","-7680"
"0x4f5974c7725f3f312f8acb007eded69b2d08f60bd45c672ab85d6468d595d375","1730416139","3000","0x99ac8ca7087fa4a2a1fb6357269965a2014abc35","WBTC","USDC","61740","65280"
"0x04700c0b00f912d35acf8b5d2f5d537cb3bdfe2ef9eda1756869f0d170518b53","1730416103","500","0x4585fe77225b41b697c938b018e2ac67ac5a20c0","WBTC","WETH","262030","263180"
"0x0927300e889b655269d2194fe82444e486f66d279041e1fb2a6a8cc0775c274b","1730416163","500","0x11b815efb8f581194ae79006d24e0d814b7697f6","WETH","USDT","-197980","-197590"
"0x109d5f19f4461b731bec32b23d0aded3f68da418d144c254408b42393ff39dc5","1730416115","3000","0x4e68ccd3e89f51c3074ca5072bbac773960dfa36","WETH","USDT","-200460","-193740"
"0x1aa3fc280c7de664fc38cdd250bdeae8b2205aca2809e57cd7d5227fe8883daa","1730415839","3000","0x57af956d3e2cca3b86f3d8c6772c03ddca3eaacb","PENDLE","WETH","-63540","-63120"
"0x37464a819a8f665a8ce48c3599ac76a3d140e229c0eaabea564801536cdec623","1730416091","3000","0x4e68ccd3e89f51c3074ca5072bbac773960dfa36","WETH","USDT","-200460","-193740"
"0x12d99bce5ac4c29cfa90492ad6e16dfbef1c03abf9e8e06138f6698ca0f5f68e","1730416547","10000","0x2afeaf811fe57b72cb496e841113b020a5cf0d60","ESS","WETH","-109200","-95600"
"0x1e2c5538cba29c4fb8a66c3684bef6728ee3cd0746695465fb7a3dc0710fc820","1730416283","10000","0xe697b7bc261ada9cbd93525f92e1436d75b86468","WEL","WETH","-111000","-97200"
"0x3718342752ffc4f3a777bb238dbeac02ed635f9d388198b3e2dca37d7a54530b","1730416631","10000","0x72e0de1cc2c952326738dac05bacb9e9c25422e3","TINC","TITANX","-887200","887200"
"0x70851b63a79bb8e6c644a7821adaa5814bbf9eee88095896283ae1f0a33e98f3","1730415659","100","0xe0554a476a092703abdb3ef35c80e0d76d32939f","USDC","WETH","198203","198204"
"0x1aa3fc280c7de664fc38cdd250bdeae8b2205aca2809e57cd7d5227fe8883daa","1730415839","3000","0x57af956d3e2cca3b86f3d8c6772c03ddca3eaacb","PENDLE","WETH","-63540","-63120"
"0x514a8a69dc8a40bec465fdf8e444bb5feb27d3c132eac27a4872bbf3a4a0cbaf","1730415827","3000","0xa6cc3c2531fdaa6ae1a3ca84c2855806728693e8","LINK","WETH","-54000","-53940"
"0x5f8fc5e1569b9e7d8746ed9859e7da6ccb01eb96113d7e8cd30bee16dba42b7e","1730415827","10000","0x841820459769cd629b10a36fd12e603938cc2679","WLD","WETH","-72000","-71800"
"0x605b01a2b4a7964f0872a3878fbb1971158cad692b5badbf363bc37e062485c3","1730415803","3000","0xa6cc3c2531fdaa6ae1a3ca84c2855806728693e8","LINK","WETH","-54960","-52200"
"0xb7075b76833b3e9c4a5ae058ca44fd4619f0a286c9bcfd9a1afece30b6684734","1730415815","10000","0xdd949d1fe117744a38319c7b7dcc045d630bcc8d","WETH","BERRY","-887200","887200"
"0xffc4c367f505b71d0f1ed6b7ff69facf1504f906665481560d937d9281b6ecf8","1730415731","3000","0x99a6880748ceb61c3d9b6d4cd49edb59f79f405d","AGIX","WETH","140880","148200"
"0x68e2f14a38310a2be64d1b7a171b25ff76320750c25b2d2789d4e091fbcefe73","1730415863","10000","0x15a1902069499fa225ca9bb3b5fdedf7d331e939","VOLT","LOTUS","-887200","887200"
"0x70851b63a79bb8e6c644a7821adaa5814bbf9eee88095896283ae1f0a33e98f3","1730415659","100","0xe0554a476a092703abdb3ef35c80e0d76d32939f","USDC","WETH","198203","198204"
"0xffc4c367f505b71d0f1ed6b7ff69facf1504f906665481560d937d9281b6ecf8","1730415731","3000","0x99a6880748ceb61c3d9b6d4cd49edb59f79f405d","AGIX","WETH","140880","148200"
"0x1aa3fc280c7de664fc38cdd250bdeae8b2205aca2809e57cd7d5227fe8883daa","1730415839","3000","0x57af956d3e2cca3b86f3d8c6772c03ddca3eaacb","PENDLE","WETH","-63540","-63120"
"0x514a8a69dc8a40bec465fdf8e444bb5feb27d3c132eac27a4872bbf3a4a0cbaf","1730415827","3000","0xa6cc3c2531fdaa6ae1a3ca84c2855806728693e8","LINK","WETH","-54000","-53940"
"0x5f8fc5e1569b9e7d8746ed9859e7da6ccb01eb96113d7e8cd30bee16dba42b7e","1730415827","10000","0x841820459769cd629b10a36fd12e603938cc2679","WLD","WETH","-72000","-71800"
"0x605b01a2b4a7964f0872a3878fbb1971158cad692b5badbf363bc37e062485c3","1730415803","3000","0xa6cc3c2531fdaa6ae1a3ca84c2855806728693e8","LINK","WETH","-54960","-52200"
"0xb7075b76833b3e9c4a5ae058ca44fd4619f0a286c9bcfd9a1afece30b6684734","1730415815","10000","0xdd949d1fe117744a38319c7b7dcc045d630bcc8d","WETH","BERRY","-887200","887200"
"0x68e2f14a38310a2be64d1b7a171b25ff76320750c25b2d2789d4e091fbcefe73","1730415863","10000","0x15a1902069499fa225ca9bb3b5fdedf7d331e939","VOLT","LOTUS","-887200","887200"
"0x04700c0b00f912d35acf8b5d2f5d537cb3bdfe2ef9eda1756869f0d170518b53","1730416103","500","0x4585fe77225b41b697c938b018e2ac67ac5a20c0","WBTC","WETH","262030","263180"
"0x0927300e889b655269d2194fe82444e486f66d279041e1fb2a6a8cc0775c274b","1730416163","500","0x11b815efb8f581194ae79006d24e0d814b7697f6","WETH","USDT","-197980","-197590"
"0x109d5f19f4461b731bec32b23d0aded3f68da418d144c254408b42393ff39dc5","1730416115","3000","0x4e68ccd3e89f51c3074ca5072bbac773960dfa36","WETH","USDT","-200460","-193740"
"0x1aa3fc280c7de664fc38cdd250bdeae8b2205aca2809e57cd7d5227fe8883daa","1730415839","3000","0x57af956d3e2cca3b86f3d8c6772c03ddca3eaacb","PENDLE","WETH","-63540","-63120"
"0x37464a819a8f665a8ce48c3599ac76a3d140e229c0eaabea564801536cdec623","1730416091","3000","0x4e68ccd3e89f51c3074ca5072bbac773960dfa36","WETH","USDT","-200460","-193740"
"0x12d99bce5ac4c29cfa90492ad6e16dfbef1c03abf9e8e06138f6698ca0f5f68e","1730416547","10000","0x2afeaf811fe57b72cb496e841113b020a5cf0d60","ESS","WETH","-109200","-95600"
"0x1e2c5538cba29c4fb8a66c3684bef6728ee3cd0746695465fb7a3dc0710fc820","1730416283","10000","0xe697b7bc261ada9cbd93525f92e1436d75b86468","WEL","WETH","-111000","-97200"
"0x3718342752ffc4f3a777bb238dbeac02ed635f9d388198b3e2dca37d7a54530b","1730416631","10000","0x72e0de1cc2c952326738dac05bacb9e9c25422e3","TINC","TITANX","-887200","887200"
"0x1aa3fc280c7de664fc38cdd250bdeae8b2205aca2809e57cd7d5227fe8883daa","1730415839","3000","0x57af956d3e2cca3b86f3d8c6772c03ddca3eaacb","PENDLE","WETH","-63540","-63120"
"0x514a8a69dc8a40bec465fdf8e444bb5feb27d3c132eac27a4872bbf3a4a0cbaf","1730415827","3000","0xa6cc3c2531fdaa6ae1a3ca84c2855806728693e8","LINK","WETH","-54000","-53940"
"0x5f8fc5e1569b9e7d8746ed9859e7da6ccb01eb96113d7e8cd30bee16dba42b7e","1730415827","10000","0x841820459769cd629b10a36fd12e603938cc2679","WLD","WETH","-72000","-71800"
"0x605b01a2b4a7964f0872a3878fbb1971158cad692b5badbf363bc37e062485c3","1730415803","3000","0xa6cc3c2531fdaa6ae1a3ca84c2855806728693e8","LINK","WETH","-54960","-52200"
"0x68e2f14a38310a2be64d1b7a171b25ff76320750c25b2d2789d4e091fbcefe73","1730415863","10000","0x15a1902069499fa225ca9bb3b5fdedf7d331e939","VOLT","LOTUS","-887200","887200"
"0x70851b63a79bb8e6c644a7821adaa5814bbf9eee88095896283ae1f0a33e98f3","1730415659","100","0xe0554a476a092703abdb3ef35c80e0d76d32939f","USDC","WETH","198203","198204"
"0x04700c0b00f912d35acf8b5d2f5d537cb3bdfe2ef9eda1756869f0d170518b53","1730416103","500","0x4585fe77225b41b697c938b018e2ac67ac5a20c0","WBTC","WETH","262030","263180"
"0x0927300e889b655269d2194fe82444e486f66d279041e1fb2a6a8cc0775c274b","1730416163","500","0x11b815efb8f581194ae79006d24e0d814b7697f6","WETH","USDT","-197980","-197590"
"0x109d5f19f4461b731bec32b23d0aded3f68da418d144c254408b42393ff39dc5","1730416115","3000","0x4e68ccd3e89f51c3074ca5072bbac773960dfa36","WETH","USDT","-200460","-193740"
"0x37464a819a8f665a8ce48c3599ac76a3d140e229c0eaabea564801536cdec623","1730416091","3000","0x4e68ccd3e89f51c3074ca5072bbac773960dfa36","WETH","USDT","-200460","-193740"
"0x4b72d17683bedd16c0af0c093f2201143a1a4c86a363a84d2080a68181b04e8c","1730416103","3000","0xe8c6c9227491c0a8156a0106a0204d881bb7e531","MKR","WETH","-7980","-7680"
"0x4f5974c7725f3f312f8acb007eded69b2d08f60bd45c672ab85d6468d595d375","1730416139","3000","0x99ac8ca7087fa4a2a1fb6357269965a2014abc35","WBTC","USDC","61740","65280"
"0x1e2c5538cba29c4fb8a66c3684bef6728ee3cd0746695465fb7a3dc0710fc820","1730416283","10000","0xe697b7bc261ada9cbd93525f92e1436d75b86468","WEL","WETH","-111000","-97200"
"0x43b3e40c73eeb4a384a211949a6adf9863405e6917f61156ec0c363066ed2e19","1730416283","3000","0x4e68ccd3e89f51c3074ca5072bbac773960dfa36","WETH","USDT","-199140","-194760"
"0x12d99bce5ac4c29cfa90492ad6e16dfbef1c03abf9e8e06138f6698ca0f5f68e","1730416547","10000","0x2afeaf811fe57b72cb496e841113b020a5cf0d60","ESS","WETH","-109200","-95600"
"0x3718342752ffc4f3a777bb238dbeac02ed635f9d388198b3e2dca37d7a54530b","1730416631","10000","0x72e0de1cc2c952326738dac05bacb9e9c25422e3","TINC","TITANX","-887200","887200"
"0x419862b4c88d0c4337695c06021c9f054102c5fe6de8369655e10b7d1ed0d2de","1730416679","10000","0x72e0de1cc2c952326738dac05bacb9e9c25422e3","TINC","TITANX","-887200","887200"
"0x5d69b6fa9a677a5fae9918a0fbde58498f94d7cded9f806b74666baeda3826aa","1730416799","10000","0xf9bc02a0f79ee8b6982a754979c9dbd909ccee10","PORTAL","WETH","-91800","-91600"
"0x1aa3fc280c7de664fc38cdd250bdeae8b2205aca2809e57cd7d5227fe8883daa","1730415839","3000","0x57af956d3e2cca3b86f3d8c6772c03ddca3eaacb","PENDLE","WETH","-63540","-63120"
"0x514a8a69dc8a40bec465fdf8e444bb5feb27d3c132eac27a4872bbf3a4a0cbaf","1730415827","3000","0xa6cc3c2531fdaa6ae1a3ca84c2855806728693e8","LINK","WETH","-54000","-53940"
"0x5f8fc5e1569b9e7d8746ed9859e7da6ccb01eb96113d7e8cd30bee16dba42b7e","1730415827","10000","0x841820459769cd629b10a36fd12e603938cc2679","WLD","WETH","-72000","-71800"
"0x605b01a2b4a7964f0872a3878fbb1971158cad692b5badbf363bc37e062485c3","1730415803","3000","0xa6cc3c2531fdaa6ae1a3ca84c2855806728693e8","LINK","WETH","-54960","-52200"
"0x68e2f14a38310a2be64d1b7a171b25ff76320750c25b2d2789d4e091fbcefe73","1730415863","10000","0x15a1902069499fa225ca9bb3b5fdedf7d331e939","VOLT","LOTUS","-887200","887200"
"0x70851b63a79bb8e6c644a7821adaa5814bbf9eee88095896283ae1f0a33e98f3","1730415659","100","0xe0554a476a092703abdb3ef35c80e0d76d32939f","USDC","WETH","198203","198204"
"0x04700c0b00f912d35acf8b5d2f5d537cb3bdfe2ef9eda1756869f0d170518b53","1730416103","500","0x4585fe77225b41b697c938b018e2ac67ac5a20c0","WBTC","WETH","262030","263180"
"0x0927300e889b655269d2194fe82444e486f66d279041e1fb2a6a8cc0775c274b","1730416163","500","0x11b815efb8f581194ae79006d24e0d814b7697f6","WETH","USDT","-197980","-197590"
"0x109d5f19f4461b731bec32b23d0aded3f68da418d144c254408b42393ff39dc5","1730416115","3000","0x4e68ccd3e89f51c3074ca5072bbac773960dfa36","WETH","USDT","-200460","-193740"
"0x37464a819a8f665a8ce48c3599ac76a3d140e229c0eaabea564801536cdec623","1730416091","3000","0x4e68ccd3e89f51c3074ca5072bbac773960dfa36","WETH","USDT","-200460","-193740"
"0x4b72d17683bedd16c0af0c093f2201143a1a4c86a363a84d2080a68181b04e8c","1730416103","3000","0xe8c6c9227491c0a8156a0106a0204d881bb7e531","MKR","WETH","-7980","-7680"
"0x4f5974c7725f3f312f8acb007eded69b2d08f60bd45c672ab85d6468d595d375","1730416139","3000","0x99ac8ca7087fa4a2a1fb6357269965a2014abc35","WBTC","USDC","61740","65280"
"0x1e2c5538cba29c4fb8a66c3684bef6728ee3cd0746695465fb7a3dc0710fc820","1730416283","10000","0xe697b7bc261ada9cbd93525f92e1436d75b86468","WEL","WETH","-111000","-97200"
"0x43b3e40c73eeb4a384a211949a6adf9863405e6917f61156ec0c363066ed2e19","1730416283","3000","0x4e68ccd3e89f51c3074ca5072bbac773960dfa36","WETH","USDT","-199140","-194760"
"0x12d99bce5ac4c29cfa90492ad6e16dfbef1c03abf9e8e06138f6698ca0f5f68e","1730416547","10000","0x2afeaf811fe57b72cb496e841113b020a5cf0d60","ESS","WETH","-109200","-95600"
"0x3718342752ffc4f3a777bb238dbeac02ed635f9d388198b3e2dca37d7a54530b","1730416631","10000","0x72e0de1cc2c952326738dac05bacb9e9c25422e3","TINC","TITANX","-887200","887200"
"0x419862b4c88d0c4337695c06021c9f054102c5fe6de8369655e10b7d1ed0d2de","1730416679","10000","0x72e0de1cc2c952326738dac05bacb9e9c25422e3","TINC","TITANX","-887200","887200"
"0x5d69b6fa9a677a5fae9918a0fbde58498f94d7cded9f806b74666baeda3826aa","1730416799","10000","0xf9bc02a0f79ee8b6982a754979c9dbd909ccee10","PORTAL","WETH","-91800","-91600"
"0x09df56ec1cadb511eb950ac6a90fc3049af53b66bfd86651a3324c6f455ac957","1730417075","10000","0x89b35c5522779219a12ecf215b2c074d92519ad0","PEAS","ppPP","-200","200"
"0x09df56ec1cadb511eb950ac6a90fc3049af53b66bfd86651a3324c6f455ac957","1730417075","10000","0x89b35c5522779219a12ecf215b2c074d92519ad0","PEAS","ppPP","-200","200"
"0x2246b1984a41fbdc0bb672daf3a543015868f6c6d46bcab985a0acf9c3038cf2","1730416871","3000","0x92560c178ce069cc014138ed3c2f5221ba71f58a","WETH","ENS","50040","50100"
"0x35ddd7d5ba79d301192407c9908bd967a80be93fd40fa9d15099e5c5206c2702","1730416931","3000","0xc3db44adc1fcdfd5671f555236eae49f4a8eea18","ENA","WETH","-90060","-87660"
"0x4ba220162418c1a49c9d26eed6fe52c106e92538e911e96e0d29db41e31003a2","1730416991","3000","0xcbcdf9626bc03e24f779434178a73a0b4bad62ed","WBTC","WETH","251640","265500"
"0x1a880b325df10cd5cd36743a53f1fee29c40be684e8412e14a5ffccd5b00e3f3","1730417159","10000","0x14d725edb1299ff560d96f42462f0234b65b00af","HYPER","TITANX","-887200","887200"
"0x2f8d021d731d6f3587d497be4c82b91671ae9e9f194958ee31aacca8784ea18a","1730417315","10000","0x66bea722346efc72a5a2fc3d35abd7915547fea0","DRAGONX","WETH","-190400","-186600"
"0x39e7c3a5768169b86b9f92b93c12a71df48bd4eb6ceed5996de29bc9fe08ed71","1730417207","10000","0x25215d9ba4403b3da77ce50606b54577a71b7895","DRAGONX","TITANX","-887200","887200"
"0x39e7c3a5768169b86b9f92b93c12a71df48bd4eb6ceed5996de29bc9fe08ed71","1730417207","10000","0x25215d9ba4403b3da77ce50606b54577a71b7895","DRAGONX","TITANX","-887200","887200"
"0x39e7c3a5768169b86b9f92b93c12a71df48bd4eb6ceed5996de29bc9fe08ed71","1730417207","10000","0x25215d9ba4403b3da77ce50606b54577a71b7895","DRAGONX","TITANX","-887200","887200"
"0x3f2dfa33bb58e5344e2884c025a5f839e112203fbe590b2178288cbb6c5e6499","1730417159","500","0xbf7d01d6cddecb72c2369d1b421967098b10def7","WETH","pufETH","-200","-170"
"0x4655182f1bb9eed49bd1e18f079c970fea65a5ca798fe7deca4ed80a29244a98","1730417267","100","0xc7bbec68d12a0d1830360f8ec58fa599ba1b0e9b","WETH","USDT","-200312","-188525"
"0x5aa41dae2499f33dd17a17e7256f8dd7bbaafe18ec6874a413d0a9890dad51f8","1730417111","500","0x88e6a0c2ddd26feeb64f039a2c41296fcb3f5640","USDC","WETH","197990","198000"
"0x0681e9ee2785d648ad9d55ab27f6fb79326356f4b014a0a07eace47fee72c537","1730417459","10000","0xb53af7e5ae3b6fdcfe861f88ddfa575e75caa012","TEE","WETH","82200","84200"
"0x0c414842182c09d2c3127d965d10a725cedacee69811532fe4a51554ebc793a0","1730417495","10000","0x8c3a9acda062d36b912a1eb60391d0c8e27311ad","TRU","WETH","131000","137400"
"0x44248140ddc13be213fa8cab5c4208f8e1f379093353dbd7163c2c5626b205aa","1730417423","10000","0x4f07614775c82f949afdb1eeeec518c3dfa7a782","WETH","$SPEEDY","110400","110600"
"0x30ec54c0ac8cfb47b1ca22293e4b36267b4a80c63d62f7dbad25854820ff1026","1730417987","10000","0x842293fa6ee0642bf61ebf8310e7e546039ba7f4","MSTR","WETH","133000","134600"
"0x4534c91452de9fe8e8b60c60d15ddadd1924b2a4a07996eb24af6b014b47d11e","1730417879","3000","0xfa45c879fd120d6cc493113ae212a853531f3d91","WETH","NEIRO","-109620","-97740"
"0x59ae2e878ca24ebb5b6ca164afa03052142e93668d91eacca554e9ed2ef92e8e","1730417807","100","0xe0554a476a092703abdb3ef35c80e0d76d32939f","USDC","WETH","197518","198519"
"0x20f3ec178297e50be4a5ff78011f224c87da900fc9084ec395f0de16421968ce","1730418575","10000","0xc5c9a9ab6403cdba9722463000146c18b504f0ba","PUFFER","WETH","-97400","-80000"
"0x46139e1e9197e757731685ee62917f701e513f969fa5c9ed14775a6419edec3c","1730418371","10000","0xd640333b71b015092d9b3afcff3e427036304370","USDC","EIGEN","263400","266000"
"0x71fcebe5dcd6ef31fbb61d4da7f5206ebf7fe51c83d20670aa9882a3e15b844b","1730418359","10000","0x7b3ed3a3444144ff526554d5f4aa463d1759f51a","WETH","AXGT","95800","96000"
"0x17860dbd06aac2f358a764241c289305acf72449becfaacad713f302aa824035","1730418743","10000","0xbe24f9952bf2a15bc4d2661151049d9588d6c0cb","WETH","DSync","95000","96800"
"0x18159d69966d483485503bad96b3a02daccd6a85b056ded806185f10ac502444","1730418719","10000","0x25215d9ba4403b3da77ce50606b54577a71b7895","DRAGONX","TITANX","-887200","887200"
"0x18159d69966d483485503bad96b3a02daccd6a85b056ded806185f10ac502444","1730418719","10000","0x25215d9ba4403b3da77ce50606b54577a71b7895","DRAGONX","TITANX","-887200","887200"
"0x18159d69966d483485503bad96b3a02daccd6a85b056ded806185f10ac502444","1730418719","10000","0x25215d9ba4403b3da77ce50606b54577a71b7895","DRAGONX","TITANX","-887200","887200"
"0x4272c3e7cf96fee36145124f73ca1a4646187dff8c4f2888c6bd39dcffa1ff7f","1730418779","10000","0x14d725edb1299ff560d96f42462f0234b65b00af","HYPER","TITANX","-887200","887200"
"0x52a43ae04f00d6a7ae9de77a1187cab18da870e8f602470a305213dd8c408593","1730418755","10000","0x69fb9f0e05bbdcd9f2c74be70e40d0da537f2089","AGI","WETH","-103000","-89200"
"0x7cdb06b15258dd1ec51fdfcc9a2bf0a51254063509d79e8e072415ffea1a88f1","1730418611","10000","0xc45a81bc23a64ea556ab4cdf08a86b61cdceea8b","WETH","TITANX","-887200","887200"
"0x7cdb06b15258dd1ec51fdfcc9a2bf0a51254063509d79e8e072415ffea1a88f1","1730418611","10000","0x1e90b67149e688dfb95fd73acacd8adefd16d88d","INF","TITANX","-887200","887200"
"0x7d37209d316941b9cd37be0ab602bed42947e91d1f64d76240517e3ddbd86935","1730418803","10000","0xa34f0d0314db32f41e1194816d56d55d1f7ca7b5","PRQ","WETH","-104800","-99000"
"0x0710e97e98c9ad0799b2639e9dc922edd89f11815a1b1fbe47753b40a6cf8b65","1730418935","10000","0xc45a81bc23a64ea556ab4cdf08a86b61cdceea8b","WETH","TITANX","-887200","887200"
"0x16c18382d46e863da1d065d6e99f9e6cd130350fa064c59899e3e03b97f014d9","1730418935","10000","0xf8f0ef9f6a12336a1e035adddbd634f3b0962f54","DRAGONX","HYDRA","-887200","887200"
"0x320e88d49d4ac60fddf3018b6dd3e92e2530b6e6fc14fc06a560f3b8227c4fa2","1730418983","100","0x3416cf6c708da44db2624d63ea0aaef7113527c6","USDC","USDT","4","10"
"0x576665cf92c4e38b4109ccb9b7e5b2a0c7ab6b1bff1e7697bdeb2a86f4a126a1","1730418947","10000","0x842293fa6ee0642bf61ebf8310e7e546039ba7f4","MSTR","WETH","134600","134800"
"0x61425991bea17e9964be32ccdec5f2b4604027e8e0289c70c9d7106c161d8b4a","1730419055","10000","0x14d725edb1299ff560d96f42462f0234b65b00af","HYPER","TITANX","-887200","887200"
"0x6aa7bd99c4fa11c4964f440efe307a14861d3c380ccaad546f5cbd00fa872683","1730419031","10000","0x14d725edb1299ff560d96f42462f0234b65b00af","HYPER","TITANX","-887200","887200"
"0x74c244aebe62636719f180c4f97b9f459391744177527f7418e91c88af637318","1730419007","10000","0x72e0de1cc2c952326738dac05bacb9e9c25422e3","TINC","TITANX","-887200","887200"
"0x74c244aebe62636719f180c4f97b9f459391744177527f7418e91c88af637318","1730419007","10000","0x2a216495584e406c39582d3ee583aeda937beba6","ORX","TITANX","-887200","887200"
"0x74c244aebe62636719f180c4f97b9f459391744177527f7418e91c88af637318","1730419007","10000","0x1e90b67149e688dfb95fd73acacd8adefd16d88d","INF","TITANX","-887200","887200"
"0x74c244aebe62636719f180c4f97b9f459391744177527f7418e91c88af637318","1730419007","10000","0x3f1a36b6c946e406f4295a89ff06a5c7d62f2fe2","VOLT","TITANX","-887200","887200"
"0x74c244aebe62636719f180c4f97b9f459391744177527f7418e91c88af637318","1730419007","10000","0x25215d9ba4403b3da77ce50606b54577a71b7895","DRAGONX","TITANX","-887200","887200"
"0x0ef33ecab9f42967145ee52330c4aa11180855831db667f68db8740ada7d6942","1730419499","3000","0xa6cc3c2531fdaa6ae1a3ca84c2855806728693e8","LINK","WETH","-60780","-46920"
"0x194e99d21e63d85ab3e420e593ce46843d811374c357a7b7fcebb0d7bc3f3720","1730419307","10000","0xf8f0ef9f6a12336a1e035adddbd634f3b0962f54","DRAGONX","HYDRA","8000","11000"
"0x2747be9917a4bf1efd61c45230efcf1e0d60a813cc9aaf736173652e392d32f3","1730419319","10000","0x66bea722346efc72a5a2fc3d35abd7915547fea0","DRAGONX","WETH","-190400","-186800"
"0x287e1db99001bfcfbe8d88639b33034bb1b73160631c6c3591af397db28aa47e","1730419223","10000","0xf8f0ef9f6a12336a1e035adddbd634f3b0962f54","DRAGONX","HYDRA","-887200","887200"
"0x287e1db99001bfcfbe8d88639b33034bb1b73160631c6c3591af397db28aa47e","1730419223","10000","0x14d725edb1299ff560d96f42462f0234b65b00af","HYPER","TITANX","-887200","887200"
"0x287e1db99001bfcfbe8d88639b33034bb1b73160631c6c3591af397db28aa47e","1730419223","10000","0x15a1902069499fa225ca9bb3b5fdedf7d331e939","VOLT","LOTUS","-887200","887200"
"0x2ac29b72bff11c269201c8ad2ce1a072dc7d37b3da1b53c57de455df8cdc9684","1730419211","500","0x4585fe77225b41b697c938b018e2ac67ac5a20c0","WBTC","WETH","261020","263420"
"0x2ac29b72bff11c269201c8ad2ce1a072dc7d37b3da1b53c57de455df8cdc9684","1730419211","500","0x4585fe77225b41b697c938b018e2ac67ac5a20c0","WBTC","WETH","261020","263420"
"0x37527da4e50b26f2922bcded2db9039f72e9fc8f71df08d6b618e8a1ecf5e546","1730419487","10000","0x14d725edb1299ff560d96f42462f0234b65b00af","HYPER","TITANX","-887200","887200"
"0x615d26d9b7063ffa09e6fea1de2c9d62ba6bef83967b0f8e8c80aac4206af1c4","1730419259","10000","0x898adc9aa0c23dce3fed6456c34dbe2b57784325","USDC","SPOT","60600","73200"
"0x38380c57fde59bd679f901ca04646b85688f0d3019aae529da13132202a46337","1730419583","500","0x4585fe77225b41b697c938b018e2ac67ac5a20c0","WBTC","WETH","261150","263550"
"0x661962b4629d989397fc05376c2d85cfcf884c731621e15acb6e3c4c9fb4a103","1730419571","10000","0x842293fa6ee0642bf61ebf8310e7e546039ba7f4","MSTR","WETH","131200","134000"
"0x56cb0d12b11b6c556c517a2759e56ba4d2245326a66d98685b15bf0219cb0677","1730419991","10000","0x2976dca9be2037c7c50df4c3da1f6f98cd99dac9","HARRIS","WETH","13600","27400"
"0x6a893802ebab465f0e750feb267ccea1fd6391b5ae9bfa24b2959d5e2d336cfc","1730420063","10000","0x842293fa6ee0642bf61ebf8310e7e546039ba7f4","MSTR","WETH","131000","134200"
"0x7ff44207dde428fc4ed8445a8c87790fad47c841855001a4bc97419bcc67a3af","1730419847","500","0x95887282d6cafc5c5ba01c3ff8a391dc892f1356","BUSINESS","USDT","-101920","-100440"
"0x0dd68ae4543cbbc8ef1f4847f6a5ab9c95c8cc960a7e79b1e32370c8b8cf10cd","1730420387","3000","0x5b7e3e37a1aa6369386e5939053779abd3597508","WETH","RIO","99900","100020"
"0x40291d99dbff90561e0a80b77d09efcfcf44769934d317c6d647067dce9f3af3","1730420135","10000","0x43e7ade137b86798654d8e78c36d5a556a647224","wQUIL","WETH","129000","131000"
"0x20637866fb4937173ab5a0841149e133ef4bbfcd7036a4cd6fb843f73aef5d2b","1730420519","3000","0x4e68ccd3e89f51c3074ca5072bbac773960dfa36","WETH","USDT","-198000","-197940"
"0x24a18108d432c345b8de28c9604db3523a25ad7cc2e6c92156862f53b17e7a88","1730420603","3000","0x7c706586679af2ba6d1a9fc2da9c6af59883fdd3","WETH","SPX","-149580","-149520"
"0x2ea7837ae68246c33a71ddbf23674995dfc8cc5708710056e04bf021fafaf32b","1730420567","10000","0x842293fa6ee0642bf61ebf8310e7e546039ba7f4","MSTR","WETH","126400","133200"
"0x3ae849c85149366197b06c8ad97fb10af706765a27af142f6a84574e7c3fb278","1730420855","10000","0x3f1a36b6c946e406f4295a89ff06a5c7d62f2fe2","VOLT","TITANX","-887200","887200"
"0x6d5b6f1bcd24594d6142a979b4db47024cf48a60aba3397ef94056589ed2f816","1730420915","10000","0xba2a013b29631d3277bbbce80c970d06c1bda0c3","RIO","WETH","-82000","-81600"
"0x012c231a5ef9f765bf6df769745e11fe229750666cb7acc6e666fc2882cc14bc","1730421047","10000","0x44ad0dc86c402cfb289f8e3d4e74bc7fed370d5a","MMA","WETH","76400","76600"
"0x037fc347a856a80fd6550156f63c78accd7d6813a8db9aa4093d13e053824533","1730421239","10000","0xf8f0ef9f6a12336a1e035adddbd634f3b0962f54","DRAGONX","HYDRA","-887200","887200"
"0x037fc347a856a80fd6550156f63c78accd7d6813a8db9aa4093d13e053824533","1730421239","10000","0xf8f0ef9f6a12336a1e035adddbd634f3b0962f54","DRAGONX","HYDRA","-887200","887200"
"0x037fc347a856a80fd6550156f63c78accd7d6813a8db9aa4093d13e053824533","1730421239","10000","0xf8f0ef9f6a12336a1e035adddbd634f3b0962f54","DRAGONX","HYDRA","-887200","887200"
"0x0fe0a6bf202ea16d70efa52ce93f7f5a00814366b9e56b59f0da3b28885ecba9","1730421275","10000","0x2818ea851dcfaeeb4633fc8aae08b7063d32e4f5","GURU","WETH","-118800","-118600"
"0x08427666194ab77d0077b1a2b363ed42cb40b98b00ee8eba9ccb1a2d573699a7","1730421539","10000","0x842293fa6ee0642bf61ebf8310e7e546039ba7f4","MSTR","WETH","98400","134800"
"0x411e129c7e81fa0f38d82ef99d848c9f902d76a1593fdd2175b44022311157d3","1730421443","10000","0x14d725edb1299ff560d96f42462f0234b65b00af","HYPER","TITANX","-887200","887200"
"0x63b84b9a85333676b64343f38f4bdcc8188585978c03e4820baf943168c41d64","1730421827","500","0x56534741cd8b152df6d48adf7ac51f75169a83b2","WBTC","USDT","65460","66040"
"0x63b84b9a85333676b64343f38f4bdcc8188585978c03e4820baf943168c41d64","1730421827","500","0x56534741cd8b152df6d48adf7ac51f75169a83b2","WBTC","USDT","65460","66040"
"0x16a8f21a48d5660184e6878db2e7a90bdcacb3c5cd37de05c23fa2c8cee0df0d","1730422283","10000","0x15a1902069499fa225ca9bb3b5fdedf7d331e939","VOLT","LOTUS","-32200","-31400"
"0x2269fc696bc7adcf1123a27f3e6f9b63d47d3a5b4bf487fdffe7efacb734897d","1730422343","3000","0xc4472dcd0e42ffccc1dbb0b9b3855688c22f3a0f","WLD","WETH","-78660","-78600"
"0x24e64bc4bd53453242c625ccf16d954cb869fc1ae9200b1d96d8f76953a531a9","1730422475","10000","0x72e0de1cc2c952326738dac05bacb9e9c25422e3","TINC","TITANX","-887200","887200"
"0x27e8da90d3f1e4fb1c72a7a1fd5041167069da8265a5f895779bafaabcd8ada8","1730422487","10000","0x34da451e8f5b02dc177247c2ba45bc9d3b5c9394","CYDX","WETH","-115000","-114800"
"0x2e11e85c870014b1955581870b50eb68fd3dc179456b2a2d9ee5a5a3c1b8364a","1730422403","10000","0x325365ed8275f6a74cac98917b7f6face8da533b","CHZ","WETH","-118400","-72600"
"0x32b086dd9bb93e971c3d4e38604129b20586ec9cef6827f0bdeef4aa5339c9b3","1730422319","10000","0xb53af7e5ae3b6fdcfe861f88ddfa575e75caa012","TEE","WETH","79200","85200"
"0x448eef4b844016f68d117811301fb2e88451ef5c28cb3225522d458291783d16","1730422499","10000","0x842293fa6ee0642bf61ebf8310e7e546039ba7f4","MSTR","WETH","122600","135000"
"0x5c465e9547da317310936a11954e992027067b5722c3b671d62c3c77b9ab61ff","1730422235","10000","0x7c0d6cbe332dac916944c61956b291a4045f9bfa","Daram","WETH","-186800","-161800"
"0x0ba48938a61a320b1b78c4984b832929e2a2369e6829cb897ff1575ed62410ae","1730422619","10000","0x72e0de1cc2c952326738dac05bacb9e9c25422e3","TINC","TITANX","-887200","887200"
"0x168dc03248dae496ab3bd0c6a0471c39a1bada7c950d9160e52234adb3c7ccfa","1730422751","10000","0xaa683fd3ae3033e0f3ffba14619e5371057740b7","MAZZE","WETH","-135200","-129000"
"0x18b5b0b33b6c64a3040ceb81855e33a25ced4ef58c4ab90e2f15977824a0b298","1730422511","3000","0x5b7e3e37a1aa6369386e5939053779abd3597508","WETH","RIO","72900","79140"
"0x29ac4cfd2080fb21155009b361d4b54318ad6235c8bfbda1c98f39093ab9eac9","1730422895","3000","0x4e68ccd3e89f51c3074ca5072bbac773960dfa36","WETH","USDT","-198720","-195900"
"0x42243966a07d512c6d442ddfa55c6f3cad0284c37ac7046dea7f12680c0d6c5f","1730422955","10000","0x961ec3bb28c9e98a040c4bded38917aa96b791be","WETH","MAGA","-48200","-41600"
"0x4d79e83ee8a09918e291ad0d1a199a52bd77b85f431e0f3c9e8d5f34433b5724","1730422943","10000","0x72e0de1cc2c952326738dac05bacb9e9c25422e3","TINC","TITANX","-887200","887200"
"0x4eb014790847d8f93b99de23546585fb7cc06c74bb437fbe2ba626088225c1e3","1730423183","3000","0x5ab53ee1d50eef2c1dd3d5402789cd27bb52c1bb","AAVE","WETH","-28740","-28680"
"0x00e56ea5ea140ff0f95af161040e18ef5de859c6426d34c0ec12ed46181bae33","1730423447","10000","0xf8f0ef9f6a12336a1e035adddbd634f3b0962f54","DRAGONX","HYDRA","-887200","887200"
"0x00e56ea5ea140ff0f95af161040e18ef5de859c6426d34c0ec12ed46181bae33","1730423447","10000","0x14d725edb1299ff560d96f42462f0234b65b00af","HYPER","TITANX","-887200","887200"
"0x00e56ea5ea140ff0f95af161040e18ef5de859c6426d34c0ec12ed46181bae33","1730423447","10000","0x25215d9ba4403b3da77ce50606b54577a71b7895","DRAGONX","TITANX","-887200","887200"
"0x0b256f2a95abeca34efd0bd64f1cc70530fb5e9aa6992dd8c7ac06e7ba8b8fa1","1730423675","10000","0x3c1177fd0a393f3101579bfe461a7d03a9bbd47b","LOTUS","TITANX","134400","137000"
"0x0b662df867bc7cdd6385cd3aaff8d9801b6827d59281e639598a6ce6961da675","1730423447","10000","0x543804b7648605b5e7ce4ad7f111f77f01ca904e","WETH","VISTA","29800","30000"
"0x35d9104d23ba0eb20f8f138f31fb130bf3da61afcb87fdd0a2fb2e0729b49d67","1730423603","100","0x109830a1aaad605bbf02a9dfa7b0b92ec2fb7daa","wstETH","WETH","1678","1683"
"0x35d9104d23ba0eb20f8f138f31fb130bf3da61afcb87fdd0a2fb2e0729b49d67","1730423603","3000","0x893f503fac2ee1e5b78665db23f9c94017aae97d","OHM","USDC","-43080","-41220"
"0x35d9104d23ba0eb20f8f138f31fb130bf3da61afcb87fdd0a2fb2e0729b49d67","1730423603","500","0x88e6a0c2ddd26feeb64f039a2c41296fcb3f5640","USDC","WETH","193890","199820"
"0x406a2fec73c7db4ce6ef9bc91da208aafa68c13d0948172bf3f889a5a616c642","1730423411","500","0x56534741cd8b152df6d48adf7ac51f75169a83b2","WBTC","USDT","65570","65890"
"0x6646194d6958c67154a8199bd28886a85eace9a0233f78f42f7cd4c9ae353333","1730423411","10000","0x14d725edb1299ff560d96f42462f0234b65b00af","HYPER","TITANX","-887200","887200"
"0x6a2004a4f534d16e1ae90ac4da8ad8b0b834ec30b8bef240bd3c8ac801dc77da","1730423507","10000","0x543804b7648605b5e7ce4ad7f111f77f01ca904e","WETH","VISTA","30000","30200"
"0x1c22a6a62765a0c34de2aa02a80cd5d4be9f7c46ecfc343949564aba2a3e8e1e","1730423867","10000","0x43e7ade137b86798654d8e78c36d5a556a647224","wQUIL","WETH","129800","134000"
"0x576d25a521157a1f3a65e2e66b5a42207fd2d55abe499d13a6ecce040b29910f","1730423831","3000","0x5b7e3e37a1aa6369386e5939053779abd3597508","WETH","RIO","99600","99660"
"0x0a09250d3789a800407fc73e7c29909f294772c2195cc3a8e7ca532515182562","1730424143","500","0x9a772018fbd77fcd2d25657e5c547baff3fd7d16","WBTC","USDC","62710","66090"
"0x1e55e32df2e752259cf69f0637b8ec94e9f1072f02dcd98d1708be027188f0c2","1730424251","10000","0x25215d9ba4403b3da77ce50606b54577a71b7895","DRAGONX","TITANX","-887200","887200"
"0x467a4d98f2c569ea7e1599ea3e49071370be5080ef96620fcd5e9809c8a78330","1730424251","10000","0xa0d9ab5af36933656671fa0813ffb407e9e0fc75","basedAI","pepecoin","-1400","4800"
"0x5518f5985425067ab865fd0f0e24a17636a42a1794c6310094dfc0af1a43fb85","1730424503","10000","0x543804b7648605b5e7ce4ad7f111f77f01ca904e","WETH","VISTA","30000","30200"
"0x587ddd899fe5a69061bca8639cdaac2831e07afd92d691454a1b740c1c06c60c","1730424455","10000","0xb53af7e5ae3b6fdcfe861f88ddfa575e75caa012","TEE","WETH","81200","82400"
"0x5cf5f02167705db7ba66a40587d6e4cbc129a3bc2ce1c4d744d6a45df9a4848e","1730424371","10000","0x7c0d6cbe332dac916944c61956b291a4045f9bfa","Daram","WETH","-185600","-180800"
"0x06b3e1f5d3d7076adf370bf03f52177ab7880cad77b8e4bea24b5e66f789be91","1730424779","3000","0x46077fccd46bc963d32456f931c13324786f8bab","WETH","AVI","140940","141000"
"0x0f6d92642771df3bf821183ec7f3ad2c0e8a76289bda89c253701ebc637c4e31","1730424719","10000","0x1e90b67149e688dfb95fd73acacd8adefd16d88d","INF","TITANX","8200","11800"
"0x24dcdc92cf01e393d03b13d8aba4552bd2b65e78cc0ee0ab62ea8630902816eb","1730424659","10000","0x15a1902069499fa225ca9bb3b5fdedf7d331e939","VOLT","LOTUS","-887200","887200"
"0x3133631097ca41af4ce64209d9950b15c123aca35fbba4098ae53e1837a89283","1730425127","3000","0x8ad599c3a0ff1de082011efddc58f1908eb6e6d8","USDC","WETH","197220","198060"
"0x1bd23e7555e29d2bb66b1575709d17b002c373e0bd32ed8a9f74a22eb59180e8","1730425355","10000","0x142f44d41b08d4c47c48fe15098f066e146feaf9","DRAGONX","BDX","-887200","887200"
"0x3553d2fa784c7759db864ad197f0e5926833eb477d1dc44dc267e91402b33018","1730425235","10000","0x14d725edb1299ff560d96f42462f0234b65b00af","HYPER","TITANX","-887200","887200"
"0x5d60499a04ecad0fd3591b7bce2616c57224158f6c344a2d74aacb0bf4c22b20","1730425391","10000","0x72e0de1cc2c952326738dac05bacb9e9c25422e3","TINC","TITANX","-887200","887200"
"0x5d60499a04ecad0fd3591b7bce2616c57224158f6c344a2d74aacb0bf4c22b20","1730425391","10000","0x14d725edb1299ff560d96f42462f0234b65b00af","HYPER","TITANX","-887200","887200"
"0x145a9df60195a1be7ec188bf22e9f45c072595baf06e7adc8c42a886861ba24f","1730426159","3000","0x99ac8ca7087fa4a2a1fb6357269965a2014abc35","WBTC","USDC","65400","65460"
"0x3d61c1eda9572c3871bf3afb59b843bf9a7dec0d62459586758c5d3157e2d6bc","1730426351","10000","0x543804b7648605b5e7ce4ad7f111f77f01ca904e","WETH","VISTA","41000","57200"
"0x3d61c1eda9572c3871bf3afb59b843bf9a7dec0d62459586758c5d3157e2d6bc","1730426351","10000","0x543804b7648605b5e7ce4ad7f111f77f01ca904e","WETH","VISTA","41000","57200"
"0x1cdf0473bae79a77ac66569ae4a0107ee95fc3c1767411ced17446dc6e6d77bb","1730426651","3000","0x4e68ccd3e89f51c3074ca5072bbac773960dfa36","WETH","USDT","-198120","-198060"
"0x15e023d78852a21a4e1fc5924d7e96f8ef8bafae7dfccb706fcc83af248e61c0","1730426939","10000","0xc3881fbb90daf3066da30016d578ed024027317c","GLQ","WETH","-105000","-104800"
"0x23129947550706856a3dd326141c818f4130f16315fd91d45f0ea5eeec5082a8","1730426891","10000","0x961ec3bb28c9e98a040c4bded38917aa96b791be","WETH","MAGA","-43600","-43400"
"0x0fd00813a7819ad6f3bd3864864ff6168a735427d83b5b8217536da6cff80d65","1730427239","500","0x88e6a0c2ddd26feeb64f039a2c41296fcb3f5640","USDC","WETH","197270","198080"
"0x22cb4d8069835ff724623f3819289a82dffe37f0c0d20af19f9f27588e37464b","1730427239","10000","0x634cc319a3e28c47f77d146539135d26f589a590","Kekec","WETH","-152800","-145600"
"0x3c75258678f9431f79ac648ca5528812f8f05b6964c31738697aa0854b9b1eff","1730427263","500","0x88e6a0c2ddd26feeb64f039a2c41296fcb3f5640","USDC","WETH","198180","198190"
"0x3da9be80b5370cfff026237a4d42370635a0a06da90261f95b0ccda0fcb735a1","1730427227","3000","0x99ac8ca7087fa4a2a1fb6357269965a2014abc35","WBTC","USDC","65340","65400"
"0x0233d0813023d537ecd13b732bb3e0e9c6bc80e835b5837ef3aec146efa5184f","1730427395","10000","0x9e0fc414e8d5c45b0890c32ab9329ac90b3ab534","PEIPEI","WETH","-238600","-238400"
"0x34cf1f63973d911ca9a528b8862478413330d380491090d7d61ac433ecf1cfdf","1730427455","500","0x9a772018fbd77fcd2d25657e5c547baff3fd7d16","WBTC","USDC","62720","65940"
"0x352259790f31c30c21d9b8aa85070316bdab18043f4df8e17028d554439fd788","1730427575","100","0xe0554a476a092703abdb3ef35c80e0d76d32939f","USDC","WETH","196615","197503"
"0x1580bc0f4292f3fb6fae171c32a1ddcc46c1bd91d7a592a39e9ead479a35abc9","1730427611","10000","0x87b1d1b59725209879cc5c5adeb99d8bc9eccf12","CRO","WETH","123800","129000"
"0x1580bc0f4292f3fb6fae171c32a1ddcc46c1bd91d7a592a39e9ead479a35abc9","1730427611","10000","0x87b1d1b59725209879cc5c5adeb99d8bc9eccf12","CRO","WETH","123800","129000"
"0x1b89fca2678c6d14a29c97ea48ea0a3ee4937fe3b505fc4f87ba7d23871ffa7c","1730427635","10000","0x43e7ade137b86798654d8e78c36d5a556a647224","wQUIL","WETH","126200","141200"
"0x4b2eeac71399427fc400902d45b85b18aa5f6a4c68f492185959e6c11d1207cb","1730427827","3000","0x1d42064fc4beb5f8aaf85f4617ae8b3b5b8bd801","UNI","WETH","-61020","-54060"
"0x5c744c3ff8bdf8b725fca82931a0f84b370a4f33f9ff6805b12b1a9d8869e238","1730427851","10000","0xa7600c4fbddb57e44018bee74a5f6b636cb68352","CPOOL","USDC","-292200","-292000"
"0x6dec09d0d844489546dbee2bc5509971cc4b5eb5f2ac4169d3f62b453e190bde","1730427875","100","0xc7bbec68d12a0d1830360f8ec58fa599ba1b0e9b","WETH","USDT","-197643","-197624"
"0x22e6d37de7f9f5a9f702fc5572f2fb83c673e234d68cdedf4cce81e2dbda1cb8","1730427947","3000","0x7c706586679af2ba6d1a9fc2da9c6af59883fdd3","WETH","SPX","-151440","-145620"
"0x3c72c28e0d4870c576cc46c5486b08d391b1b9d96cff15a9cf82482b5706629e","1730428199","10000","0xd640333b71b015092d9b3afcff3e427036304370","USDC","EIGEN","260200","265400"
"0x46651d4746d0113b2ea891e95d635cb7af29d2ce75a58b28d947df5e90718b26","1730428019","500","0x88e6a0c2ddd26feeb64f039a2c41296fcb3f5640","USDC","WETH","197260","197860"
"0x0c81536cf166ffd3e32d0cf279cc2c53f4deb3b8e013e7d2dae8b2680ad6b065","1730428271","10000","0x15a1902069499fa225ca9bb3b5fdedf7d331e939","VOLT","LOTUS","-887200","887200"
"0x2a9f59d8a3d5a4fda02815da788dcb0a35159c7dc52bd7d8c0a0257ba3d004aa","1730428499","3000","0xcbcdf9626bc03e24f779434178a73a0b4bad62ed","WBTC","WETH","252300","266160"
"0x3fe8cb7dbd88c2a19e2f5a20976696ba6021cf215d0d68c9a53ad6d3ce66a86a","1730428247","10000","0x15a1902069499fa225ca9bb3b5fdedf7d331e939","VOLT","LOTUS","-33000","-24400"
"0x041f852f4a013217ff314345de42428212a8af80e78930b12ab7b941fe10318b","1730428775","10000","0xc64350c0eab6faed8f17cc2cdff0761c53fb4152","PNDC","WETH","-887200","124200"
"0x246375cb236d0a215b4281d8408c4c9a044a6a254cd8e23cbf7249dc0cc176e9","1730428751","3000","0x15153da0e9e13cfc167b3d417d3721bf545479bb","Neiro","WETH","62580","76920"
"0x2a2e287fcc06ccfb408e1f4c2261bff8a369ac386812a8895a0f5e5fa82e7843","1730428595","10000","0x5691caa4e3b4daf74d360faee8552492883bed4d","WETH","LOTUS","77800","89200"
"0x3730869462e0ba07f98b9ace88bb87f8964a661a9e92923e97b0dea8f139e6c1","1730428703","10000","0x3f1a36b6c946e406f4295a89ff06a5c7d62f2fe2","VOLT","TITANX","-887200","887200"
"0x3be8a3a7e18c0f0f4f6e510559d4bf4f1305c6ca2fc8ed8a1a4371431cf8250b","1730428667","10000","0x7c0d6cbe332dac916944c61956b291a4045f9bfa","Daram","WETH","-183200","-140800"
"0x5cc977787506c5cbdeff29976cc877b900f0b7f391c7afaa68531882d1756c78","1730428667","3000","0x15153da0e9e13cfc167b3d417d3721bf545479bb","Neiro","WETH","63180","89460"
"0x62e7e60b10bc4f3bc2e59cd0971ea1c85295a5d85aa809009c5b4f085aff0001","1730428811","10000","0x14d725edb1299ff560d96f42462f0234b65b00af","HYPER","TITANX","-887200","887200"
"0x69444cf88d46d4405de31b3101fb43ffb50b88ed9fd7772de76c0255c287dbf4","1730428979","10000","0x72e0de1cc2c952326738dac05bacb9e9c25422e3","TINC","TITANX","-887200","887200"
"0x719b1d154956e7da0df848cb2fa896f432e075460a02555d3fa417307345a8a6","1730428919","10000","0x25215d9ba4403b3da77ce50606b54577a71b7895","DRAGONX","TITANX","-887200","887200"
"0x783db06cdfa0c7b30292c209fc7411df9c19fa809f3e9d2b5f98508a0a6f6dd2","1730428907","10000","0x7c0d6cbe332dac916944c61956b291a4045f9bfa","Daram","WETH","-887200","887200"
"0x813314fac0f42b492d083a6bf9188dc04280655b32c0061465065e9063168fc7","1730428883","3000","0x99ac8ca7087fa4a2a1fb6357269965a2014abc35","WBTC","USDC","65340","65400"
"0x0663294a96093bfc0cff1b8c51bb0241a4978ff046c8f6662a37cbe8bdfa4512","1730429303","3000","0xcbcdf9626bc03e24f779434178a73a0b4bad62ed","WBTC","WETH","254640","262440"
"0x100fba158b4fc3662e07fe759345e7162d9853ec2a31b8a40219f66e30015c2b","1730429123","3000","0x4628a0a564debfc8798eb55db5c91f2200486c24","RNDR","WETH","-62520","-61080"
"0x216052278dad3e995c1c3a2429c726b85a67adbcfa74a25b6f4ead01711f4e08","1730429219","3000","0x11950d141ecb863f01007add7d1a342041227b58","PEPE","WETH","-196740","-188700"
"0x45df2cbfd333997aeadb41a0a9277bb5b9122fd503b14e945ab36d2671053601","1730429195","3000","0xcbcdf9626bc03e24f779434178a73a0b4bad62ed","WBTC","WETH","251520","265560"
"0x4f99f44bf4df6ba44fbb9cdb75580416c264a7f3830d8f7cc1163b7c00654b16","1730429147","3000","0xfa45c879fd120d6cc493113ae212a853531f3d91","WETH","NEIRO","-103380","-103320"
"0x0f8f29619275ba8ce538a828c1882610aec66a582c40cfe5095c3cc70423a4e8","1730429555","3000","0x8107fca5494375fc743a9fc4d4844353a1af3d94","TURBO","WETH","-129180","-125520"
"0x0f8f29619275ba8ce538a828c1882610aec66a582c40cfe5095c3cc70423a4e8","1730429555","3000","0x8107fca5494375fc743a9fc4d4844353a1af3d94","TURBO","WETH","-129180","-125520"
"0x5c18470f5aaa164a166435870004555d3007b6486e4e9600adb8314b447814fc","1730429699","10000","0x4f07614775c82f949afdb1eeeec518c3dfa7a782","WETH","$SPEEDY","-887200","887200"
"0x69f60952e85be66403831ddc21695a7b905efea074268e63b604aab3d048666c","1730429435","10000","0x25215d9ba4403b3da77ce50606b54577a71b7895","DRAGONX","TITANX","-887200","887200"
"0x69f60952e85be66403831ddc21695a7b905efea074268e63b604aab3d048666c","1730429435","10000","0x25215d9ba4403b3da77ce50606b54577a71b7895","DRAGONX","TITANX","-887200","887200"
"0x69f60952e85be66403831ddc21695a7b905efea074268e63b604aab3d048666c","1730429435","10000","0x25215d9ba4403b3da77ce50606b54577a71b7895","DRAGONX","TITANX","-887200","887200"
"0x6e34dd555c97e308bb413df54896a7837ceecacf3562f2c475e89d25ed28a3f2","1730429423","10000","0x25215d9ba4403b3da77ce50606b54577a71b7895","DRAGONX","TITANX","25800","26000"
"0x72328659ffa0112406a80ee044a9b27f913c4b38558a2db31152e8d890e11a45","1730429591","10000","0x15a1902069499fa225ca9bb3b5fdedf7d331e939","VOLT","LOTUS","-30600","-26000"
"0x27ff47aeec705ce5cc88152d43742fe4d543194b0bf2e7e3f149240b1a549884","1730429987","10000","0x43e7ade137b86798654d8e78c36d5a556a647224","wQUIL","WETH","128200","134200"
"0x62d17dee58760d5bbce566db888ceb972916e7bb47c0597b897a4a333ced44a6","1730429735","10000","0x4f07614775c82f949afdb1eeeec518c3dfa7a782","WETH","$SPEEDY","-887200","887200"
"0x1bf63509c5ef578a85e2f34c201f4a3202ccd7f38d3598c14ab44d5039f19644","1730430119","100","0xc7bbec68d12a0d1830360f8ec58fa599ba1b0e9b","WETH","USDT","-199359","-196257"
"0x43f9febd8a2ca49fbd566f46a6b16119911c3f829bffce4e2268ee0d313c3b80","1730430275","10000","0x14d725edb1299ff560d96f42462f0234b65b00af","HYPER","TITANX","-887200","887200"
"0x47beca7de5f6559086b37a255542f144652113d712b4afc3af5dc89a98b68e0b","1730430095","10000","0x8cd6c8c449918d92d2ad4658c32f2e2ff1e7096d","WPLS","WETH","-177800","-177600"
"0x4d18a81f5c2d18bc5a39908ae4bb0c077c4acb55f6104807ebcf04897ed9652f","1730430287","100","0x435664008f38b0650fbc1c9fc971d0a3bc2f1e47","USDe","USDT","-276313","-276312"
"0x59eca59d4939338aeee950eba4ee3cebb883f183cc24abad0a35fa93e4b45414","1730430275","10000","0x25215d9ba4403b3da77ce50606b54577a71b7895","DRAGONX","TITANX","-887200","887200"
"0x5e3d15e6cdb220f8c06dbac0b4c627270f0fd66ca7f4f34e5a42fcb52fc1964c","1730430143","10000","0x120ffad35bb97a5baf9ab68f9dd7667864530245","APU","WETH","-148600","-148200"
"0x6a6c12ea036384eb3f8df3b592b2b816e6aa901c246db595abed04f4fb027439","1730430239","10000","0xf8f0ef9f6a12336a1e035adddbd634f3b0962f54","DRAGONX","HYDRA","-887200","887200"
"0x6e12458e7661d48b45b250205db2a03c77882c9ed2fbf6bdd0f0dba828e655af","1730430215","10000","0x286431024acfab509d5d6beb64066c52e205f460","WETH","ETHC","71600","71800"
"0x2ad1cc9220716a352cc0f33a973b693e3ce0ff0d9d3b4a9470827d7d5090bc7e","1730430671","10000","0x25215d9ba4403b3da77ce50606b54577a71b7895","DRAGONX","TITANX","-887200","887200"
"0x2ad1cc9220716a352cc0f33a973b693e3ce0ff0d9d3b4a9470827d7d5090bc7e","1730430671","10000","0x25215d9ba4403b3da77ce50606b54577a71b7895","DRAGONX","TITANX","-887200","887200"
"0x2ad1cc9220716a352cc0f33a973b693e3ce0ff0d9d3b4a9470827d7d5090bc7e","1730430671","10000","0x25215d9ba4403b3da77ce50606b54577a71b7895","DRAGONX","TITANX","-887200","887200"
"0x4237008f7196994489cb1580ffdaf1d3aded98d0219ab86bd195031ba7121be4","1730430887","10000","0xf8f0ef9f6a12336a1e035adddbd634f3b0962f54","DRAGONX","HYDRA","-887200","887200"
"0x540f65253bb9f31767d1b22b7a7fb7bac06e4dc6e2154370227c530904fb1105","1730430779","10000","0xf8f0ef9f6a12336a1e035adddbd634f3b0962f54","DRAGONX","HYDRA","-887200","887200"
"0x540f65253bb9f31767d1b22b7a7fb7bac06e4dc6e2154370227c530904fb1105","1730430779","10000","0x72e0de1cc2c952326738dac05bacb9e9c25422e3","TINC","TITANX","-887200","887200"
"0x540f65253bb9f31767d1b22b7a7fb7bac06e4dc6e2154370227c530904fb1105","1730430779","10000","0x14d725edb1299ff560d96f42462f0234b65b00af","HYPER","TITANX","-887200","887200"
"0x540f65253bb9f31767d1b22b7a7fb7bac06e4dc6e2154370227c530904fb1105","1730430779","10000","0x25215d9ba4403b3da77ce50606b54577a71b7895","DRAGONX","TITANX","-887200","887200"
"0x78109a409c01c3329698ec062b1b776fc2b9bc9732bcca80674937f490e9f0e3","1730430779","10000","0x43e7ade137b86798654d8e78c36d5a556a647224","wQUIL","WETH","129000","131600"
"0x04ea547408dace5b4b6f5bb99a820d8539d5b6990681f5ab1113670ef6fa1da3","1730431127","10000","0xc026eb864dc9f9e820e010ddeeeb3c7cbaebf365","PNDC","PORK","-3400","2400"
"0x1698397cbc7061cd20cd44c7e9971d2b8ec2616de0a4ad5721d1dca8775933fa","1730431067","3000","0xb138936dc36d36bdaf156e4dce4c454e482d7e66","WETH","TITANX","213660","215640"
"0x2dc6656eb1c7a0b2acdcbc0bb12f5bbbf48cd04afd918a431d93f3f36d5936ee","1730431163","3000","0x6c063a6e8cd45869b5eb75291e65a3de298f3aa8","WETH","INJ","46500","51600"
"0x2dc6656eb1c7a0b2acdcbc0bb12f5bbbf48cd04afd918a431d93f3f36d5936ee","1730431163","3000","0x6c063a6e8cd45869b5eb75291e65a3de298f3aa8","WETH","INJ","46500","51600"
"0x3fd6c2ee2ccb0e979a714c728b658c3ba7cc21f82aa479ff848c654c9264c8a8","1730430911","10000","0xf8f0ef9f6a12336a1e035adddbd634f3b0962f54","DRAGONX","HYDRA","-887200","887200"
"0x4dd757d776a07b7d7730178b3f54d8b60a6caa6fcd71fd39ea3cbbc47d940435","1730430995","10000","0xc64350c0eab6faed8f17cc2cdff0761c53fb4152","PNDC","WETH","-238200","-234200"
"0x616a04bd3aa0e8359f2e2b9789bffdfcf14fea330f58b511a2b7258478863bf2","1730431175","10000","0xc45a81bc23a64ea556ab4cdf08a86b61cdceea8b","WETH","TITANX","-887200","887200"
"0x0203fa46d4e79a6eccfcbeccb71caeed1a5f5794f39ce21cead408da9d36a53a","1730431439","10000","0x66bea722346efc72a5a2fc3d35abd7915547fea0","DRAGONX","WETH","-189400","-189200"
"0x10c44ea0c0c8bd3f8dcfee759a9ac69ae4535e72106b6496fee3a2e08900d246","1730431415","10000","0xf8f0ef9f6a12336a1e035adddbd634f3b0962f54","DRAGONX","HYDRA","-887200","887200"
"0x10c44ea0c0c8bd3f8dcfee759a9ac69ae4535e72106b6496fee3a2e08900d246","1730431415","10000","0x72e0de1cc2c952326738dac05bacb9e9c25422e3","TINC","TITANX","-887200","887200"
"0x10c44ea0c0c8bd3f8dcfee759a9ac69ae4535e72106b6496fee3a2e08900d246","1730431415","10000","0x3f1a36b6c946e406f4295a89ff06a5c7d62f2fe2","VOLT","TITANX","-887200","887200"
"0x18b2fe0966df32520883d32ab2e6ad0cff397f22b4984aa4feb89308a1c13945","1730431499","10000","0x983b92ea1f0a20844466f3e4bb988c1de145293e","FLT","WETH","-92200","-92000"
"0x40673809bbc74a84869add20cf3fe395d9d0f247aaca52b2af3763815fc41604","1730431463","3000","0xc2c390c6cd3c4e6c2b70727d35a45e8a072f18ca","WETH","EIGEN","64620","66300"
"0x437365d2c5f4a663c4eb86c259ab347c93efc67e29eeb3b507400b7ee9aa963e","1730431331","10000","0x72e0de1cc2c952326738dac05bacb9e9c25422e3","TINC","TITANX","-887200","887200"
"0x579cb50de50ac9d97a50dbc6871a5a82b1614697868c5461827e45e7ab1011b7","1730431391","10000","0x2d2210d40abe06b0448c2869c0b7562407858f68","SNOOCH","WETH","104200","115200"
"0x6483672c84f726a5566dfdf82690393e7a58bf980e8872c7f6a536a987f7c9cb","1730431247","10000","0x72e0de1cc2c952326738dac05bacb9e9c25422e3","TINC","TITANX","-887200","887200"
"0x6483672c84f726a5566dfdf82690393e7a58bf980e8872c7f6a536a987f7c9cb","1730431247","10000","0x14d725edb1299ff560d96f42462f0234b65b00af","HYPER","TITANX","-887200","887200"
"0x2b6e88b4ca007f6f1e3084173c22e745bec72c79bfff1517a3b703f58bec22ca","1730431643","500","0x6f48eca74b38d2936b02ab603ff4e36a6c0e3a77","DAI","USDT","-276270","-276260"
"0x527825d9a4574391bb36624f0e823939dc43f03344c858e5cabc1e4675a83e39","1730431595","10000","0xe8b977aa5a9303fa94818441d78575e0f697ae72","WETH","UOS","-225800","-216000"
"0x072b37ac46a3750239112e1d487f1ab84c988307e9d189cf75eceb143ce234e8","1730431991","3000","0x2982d3295a0e1a99e6e88ece0e93ffdfc5c761ae","wTAO","WETH","191100","201120"
"0x2b149df5abe1ddd40dcc4817003041caaf96590ca5dcca96a2bca07f47222c02","1730432015","500","0x4585fe77225b41b697c938b018e2ac67ac5a20c0","WBTC","WETH","263460","263470"
"0x4856e3ea4e62eee865d7cbd964c924356d10a4515202417ef6820c9989597a53","1730431823","10000","0x14d725edb1299ff560d96f42462f0234b65b00af","HYPER","TITANX","9200","13800"
"0x5bbde1e076736340bd014eac519ca410a4843abda62db03af0dbf3f4db6ff0b8","1730432027","3000","0x57af956d3e2cca3b86f3d8c6772c03ddca3eaacb","PENDLE","WETH","-62580","-62520"
"0x6c6572e344a95932433eb2958c98a40a8441def61efbc35e218ae0c9f46273d1","1730431979","10000","0x66bea722346efc72a5a2fc3d35abd7915547fea0","DRAGONX","WETH","-190000","-165800"
"0x7e327c1d1edb9b59a53d6adb799eaf860fce51fdd5a62913093a7377c7ae80ab","1730431943","10000","0x2c83c54c5612bfd62a78124d4a0ea001278a689c","HLX","TITANX","-887200","16200"
"0x2f05a8afc67fd796f572fd057d8321b62a0622111c35bb447fd2473a1c976e68","1730432315","10000","0x0c30062368eefb96bf3ade1218e685306b8e89fa","BITCOIN","WETH","137000","148600"
"0x5b9ff4a6f217ab1fbc869a5f870b0cc642acd5964093bf39f1af35c31c5dc374","1730432267","3000","0x7c706586679af2ba6d1a9fc2da9c6af59883fdd3","WETH","SPX","-156720","-146940"
"0x68dcc28e4b712b0709ec537f5de7eb841dcc9f1ddd2813635fe3acc055b0247b","1730432207","10000","0x87b1d1b59725209879cc5c5adeb99d8bc9eccf12","CRO","WETH","123800","129000"
"0x45b94a2dcd988316ca1bb1710398f20bb8907b6b4b2ef14502a6dd19554b47dc","1730432951","10000","0x2d2210d40abe06b0448c2869c0b7562407858f68","SNOOCH","WETH","115600","121200"
"0x144d283476e29c5818db10c7ac941a93d8dee3274a008490bc1acce4d1b9a4e1","1730433191","3000","0x127452f3f9cdc0389b0bf59ce6131aa3bd763598","WETH","SOL","-178680","-175500"
"0x2d96650ce412fd84db1967114c95489d3eb63c123897de3af6f7c82e17c1ec68","1730433023","10000","0xf8f0ef9f6a12336a1e035adddbd634f3b0962f54","DRAGONX","HYDRA","-887200","887200"
"0x08c81343429fb3551bff8c146e83e39ef2155a7b92150cd5aec50ef95a88add7","1730433479","10000","0x25215d9ba4403b3da77ce50606b54577a71b7895","DRAGONX","TITANX","-887200","887200"
"0x2a03af9d4faa1600c86bfb6d0a93593489f7822fd1e715e3cb427c61dc2f2b7c","1730433431","10000","0xea5a12a857e8302d70fcb1123d5f8f57ef7b7d0b","DOGGO","WETH","24200","27200"
"0x315231e5d95187fd1c9e11ee73b4dffd52ae0eab2c1875c0a2b78e9db8b4f6d2","1730433575","10000","0xea5a12a857e8302d70fcb1123d5f8f57ef7b7d0b","DOGGO","WETH","24200","27200"
"0x6027cb12525991bccc917755d54002e9589acc501388ce6d6319669adc2a4ec9","1730433443","10000","0x14d725edb1299ff560d96f42462f0234b65b00af","HYPER","TITANX","-887200","887200"
"0x68283f21942aeaf987e1916fd7e5068e09ee652cc01c8c36f481491c18e3b082","1730433395","10000","0x14d725edb1299ff560d96f42462f0234b65b00af","HYPER","TITANX","-887200","887200"
"0x68283f21942aeaf987e1916fd7e5068e09ee652cc01c8c36f481491c18e3b082","1730433395","10000","0x3f1a36b6c946e406f4295a89ff06a5c7d62f2fe2","VOLT","TITANX","-887200","887200"
"0x68283f21942aeaf987e1916fd7e5068e09ee652cc01c8c36f481491c18e3b082","1730433395","10000","0x25215d9ba4403b3da77ce50606b54577a71b7895","DRAGONX","TITANX","-887200","887200"
"0x6a472d5f5756b38551fce9c5fa47938b1d52f85922632189a942b4c169825f09","1730433599","500","0x88e6a0c2ddd26feeb64f039a2c41296fcb3f5640","USDC","WETH","198070","198080"
"0x8019bd807c24c29becb415509154c263de685a60c87dba5ae92cddfde3b19a63","1730433311","10000","0x2d2210d40abe06b0448c2869c0b7562407858f68","SNOOCH","WETH","117800","135200"
"0x32a54efb55493344dbcf281407fd77c6789a78bc1f7808abd11efb9127237b81","1730433611","10000","0xea5a12a857e8302d70fcb1123d5f8f57ef7b7d0b","DOGGO","WETH","25200","28200"
"0x08397d77efa83be58ad5b1050b91ec98a6cbd662dbe61f21445d55c202af569a","1730433911","10000","0x8ea48337c6c6677b0973437f2685d17717c0408e","VEE","WETH","-124600","-124200"
"0x0fa195b03343a6004557e260030479a0529930965a0775360ca7c486b4670a20","1730433959","3000","0xfa45c879fd120d6cc493113ae212a853531f3d91","WETH","NEIRO","-108900","-101940"
"0x214338ae48e690980573c8addddf6d87618e66519aedb9751f1ee5aac3df8161","1730434115","3000","0xfa45c879fd120d6cc493113ae212a853531f3d91","WETH","NEIRO","-103800","-103740"
"0x43439e5ee5796a11f5aee6ecadd2f32c21ef5a9845d258aa434e862493c317e3","1730434043","10000","0x3f1a36b6c946e406f4295a89ff06a5c7d62f2fe2","VOLT","TITANX","-887200","887200"
"0x1980488f6356610de2eaed0d79f4429f1a4c4109ab005b66bfcd9405c6ffb0ce","1730434223","3000","0xfa45c879fd120d6cc493113ae212a853531f3d91","WETH","NEIRO","-103860","-103800"
"0x28cb79367c541ec6d58046077da54d4bf8c37bcb7689021b9cb0a31a011d3fb7","1730434307","10000","0xe5771a1fd7c4059bc57037edff952790d690ec71","WETH","BONZI","134600","154400"
"0x2fa2236de8ac5c7c6276d19a0b863be18436a85a47d47cc1650fbfcb2a18892a","1730434439","10000","0xc45a81bc23a64ea556ab4cdf08a86b61cdceea8b","WETH","TITANX","-887200","887200"
"0x2fa2236de8ac5c7c6276d19a0b863be18436a85a47d47cc1650fbfcb2a18892a","1730434439","10000","0xc45a81bc23a64ea556ab4cdf08a86b61cdceea8b","WETH","TITANX","-887200","887200"
"0x2fa2236de8ac5c7c6276d19a0b863be18436a85a47d47cc1650fbfcb2a18892a","1730434439","10000","0xc45a81bc23a64ea556ab4cdf08a86b61cdceea8b","WETH","TITANX","-887200","887200"
"0x36d28f6abfd07f1b41a5d354d024b5056da4e37eb8aff31ec77daa5bd514a436","1730434331","3000","0xfa45c879fd120d6cc493113ae212a853531f3d91","WETH","NEIRO","-103920","-103860"
"0x3d6ba01ed82a04af54c8fb4071d09efe5c2cca5249b8efc9251dbfa09ba57916","1730434283","500","0x11b815efb8f581194ae79006d24e0d814b7697f6","WETH","USDT","-198060","-198050"
"0x32f3eb8e31303d94993773a0371457e8691de12d4823f65b0591fce4e71bc244","1730435003","10000","0x14d725edb1299ff560d96f42462f0234b65b00af","HYPER","TITANX","-887200","887200"
"0x3a16974026ca34f23786b74d204327464b8ebdd69de0605a27ac5dbb5e08cc05","1730435159","10000","0x25215d9ba4403b3da77ce50606b54577a71b7895","DRAGONX","TITANX","-887200","887200"
"0x5843775d1fcb47a93f002cc50be9975e5e6a26511eafbf0640cbbd445cf21dec","1730435651","10000","0x543804b7648605b5e7ce4ad7f111f77f01ca904e","WETH","VISTA","39200","57200"
"0x8b7adb49ae8b85292cedf55eaa11b390c0109c25e2d2e3f7edbba686c06c761b","1730435543","10000","0xd572d276b699947a043c85f8d66ce311cc85e357","GPU","WETH","-85800","-75400"
"0x32b91959fb1c9c5b45b5d3609d24971ee2261940a4a86b5e62ac18e762e32b45","1730435975","10000","0x9e0fc414e8d5c45b0890c32ab9329ac90b3ab534","PEIPEI","WETH","-238600","-238400"
"0x38f15c70a5a4ad67402db770f9bb6e14cbd9b55e98747bfd3a63685d08548774","1730435735","10000","0x15a1902069499fa225ca9bb3b5fdedf7d331e939","VOLT","LOTUS","-887200","887200"
"0x4c53ef84e451c5f294e46c674a4d0b72438348d91388f6946ce9c20d21ff4acd","1730435855","3000","0x1e6d83a2765871673710dfc1c8a034d42b76da5a","BMEX","USDT","-21360","-12360"
"0x5a41b737a8fe7fe9b76b904d4b9751993eb33affd688c033a7ed559f78866bbb","1730435903","3000","0xd0a4c8a1a14530c7c9efdad0ba37e8cf4204d230","SHFL","USDC","-285600","-285540"
"0x1cc88e8fce9f1df94ce6a0170bee07999966bbb1d15552e954cc07bc81b64c37","1730436071","3000","0x127452f3f9cdc0389b0bf59ce6131aa3bd763598","WETH","SOL","-180420","-180000"
"0x2e9c9e3c06256864890d7d4f9a7e46950d38f2ab65ede25e8ee9edeaab581ab2","1730436083","3000","0x1e6d83a2765871673710dfc1c8a034d42b76da5a","BMEX","USDT","-21360","-12360"
"0x314f8e0645ad1444b7115ba11365a485f2ab551d415f5b0783149d2b55407d69","1730436251","10000","0x3f1a36b6c946e406f4295a89ff06a5c7d62f2fe2","VOLT","TITANX","-887200","887200"
"0x3e78b0f87b8d0c57f0d276dd6b13d1daa3182ceadd6162789d348536cf35e839","1730436119","10000","0xb53af7e5ae3b6fdcfe861f88ddfa575e75caa012","TEE","WETH","85600","85800"
"0x736810f5ecd5cd3e41e2946cc3a6c33f1d0dbe5ab4f9a9c987e7be065fccd1cf","1730436119","3000","0xc2c390c6cd3c4e6c2b70727d35a45e8a072f18ca","WETH","EIGEN","63300","68520"
"0x736a8f096f8a33b51d92ac6025d3143fab88e444ffa08ec840c8125c7a678346","1730436143","3000","0xb6a7dd1ca1fcfe1b4b107ef02843bb88ce400fe9","BMEX","WETH","176640","180660"
"0x2253bdef4a858eba96d70829279d258beb48f03cf1e956cdf3ee3fd2a2072c2c","1730436575","10000","0xf8f0ef9f6a12336a1e035adddbd634f3b0962f54","DRAGONX","HYDRA","-887200","887200"
"0x367e32e448ff1e028f7a14c31fb46c7c831ac4bfc888b8b3a2e14db6c1e75648","1730436587","3000","0x57af956d3e2cca3b86f3d8c6772c03ddca3eaacb","PENDLE","WETH","-68820","-63180"
"0x424ee24d1fd51c6700a2a46b76c657bc6e8eddeee518d1a3e477b7ab949ee488","1730436491","10000","0x5552727005cc8194c1559289a532deb288964fd8","MOODENG","WETH","-27400","46200"
"0x470d2e23125fd24c88618b3ff4785ac1e588114554e6b5e33d5b2fed6fd02720","1730436455","3000","0x1d42064fc4beb5f8aaf85f4617ae8b3b5b8bd801","UNI","WETH","-58140","-56940"
"0x5906cfd5dc32551fd39e7e807495297389fea399334c2b046306b7687c4b0006","1730436419","10000","0x25215d9ba4403b3da77ce50606b54577a71b7895","DRAGONX","TITANX","25600","26200"
"0x044da16f7caf3e98cd00815bf72329fb4d05b7eaea812646c8e4e8166598e345","1730436683","10000","0xaddd24a001243e6d446ed8d088c82aeff84073a3","AGRS","WETH","160600","163600"
"0x1138221b70c2f6d5d978fb43991ca7228395b6528c826d84b2f6ee00a65a7823","1730436887","500","0x4585fe77225b41b697c938b018e2ac67ac5a20c0","WBTC","WETH","254920","264080"
"0x52a3c2d2d23ceba471b6fb705bf9c78518fa4cca9a0f40391a4d266e6c4545b4","1730436671","10000","0x7c0d6cbe332dac916944c61956b291a4045f9bfa","Daram","WETH","-190000","138200"
"0x57d1911db9814c884f9df6de0f383f1df8d12c9d8204bc74768970ece1466be7","1730436887","3000","0x4e68ccd3e89f51c3074ca5072bbac773960dfa36","WETH","USDT","-198060","-198000"
"0x58765b311d16f0002e2674f3be00d8164314b308fb91c56b74a0167201f8dbbe","1730436695","10000","0xc45a81bc23a64ea556ab4cdf08a86b61cdceea8b","WETH","TITANX","-887200","887200"
"0x2543fda12ab511ab73c14169894b55aa799385fb227de0cf2a281ad0cd33e72d","1730436983","500","0xdbac78be00503d10ae0074e5e5873a61fc56647c","tBTC","WBTC","-230300","-230240"
"0x37d51ed4e7b0f482a6c5d0b0a292dbbf27f2436e96a033cc8d0185d4d533eaf5","1730437283","10000","0x9b897fc62a76bcca09caf21844461fca118a2e11","LUCE","WETH","3000","10200"
"0x38deef9c1bf22d8810a41c251d41fb19a4cc8c69f6d57c2f7dbfe7ab3e39be3b","1730437355","500","0x88e6a0c2ddd26feeb64f039a2c41296fcb3f5640","USDC","WETH","198040","198050"
"0x083c9ba30f21fc80a5ef70f65aa76878a2251abaa3605c5dd4ffd884a89a1a6b","1730437559","10000","0x543804b7648605b5e7ce4ad7f111f77f01ca904e","WETH","VISTA","30000","30200"
"0x401972a37007b850faf9fc769b4e23f924eebe864e2b5bc6e74426d62f9064a1","1730437643","3000","0x9db9e0e53058c89e5b94e29621a205198648425b","WBTC","USDT","62160","64800"
"0x493ad557fc36a5b6189a7f489adaeef4d5ced8d2e45e2195a02ee279e008c3c9","1730437751","10000","0xa43db55a6d690eecbaf185cf7725e15dc024ec5d","SWAG","WETH","134600","135800"
"0x75315dfffad66d535c2dc071de5ae92a37417401e407f2475c6f2fe0988c3a0a","1730437727","3000","0x8ad599c3a0ff1de082011efddc58f1908eb6e6d8","USDC","WETH","198000","198060"
"0x333abfe92574ba218dccdf77df339739c65999af7a4505a4edcf47d346b02dfc","1730437967","10000","0x72e0de1cc2c952326738dac05bacb9e9c25422e3","TINC","TITANX","-887200","887200"
"0x6c8e0cc820aec4b4a42fccbb1e922e2a64d8c8a2475b0cec0053edcef7c93f9d","1730437871","10000","0x15a1902069499fa225ca9bb3b5fdedf7d331e939","VOLT","LOTUS","-42400","-24600"
"0x05fabf50ebd0967e9bf3229c0d6a9f4f7971ba4ddc1b114fe770dd1853133192","1730438615","3000","0x4e68ccd3e89f51c3074ca5072bbac773960dfa36","WETH","USDT","-198540","-196920"
"0x3957cb978d2e96e285f7e7d2d2178d1c97b7067f21e17c62e450082a21bd0f3b","1730438555","100","0x3416cf6c708da44db2624d63ea0aaef7113527c6","USDC","USDT","-30","31"
"0x4048120f2a4bde689e2a6f810f49bba6ed2f6ea7723e657ed2607b78256c3c4d","1730438471","10000","0x5691caa4e3b4daf74d360faee8552492883bed4d","WETH","LOTUS","75800","81200"
"0x586fda297532cf8c9aec6253bb3514ca0b8a9ea3e04f1012fe41403cd3796997","1730438459","10000","0xe936f0073549ad8b1fa53583600d629ba9375161","RNDR","WETH","-69000","-55000"
"0x60f7f1a585c041f84c9fc55801a1906cb3ef7aa9e9601894e8bdcf2d99f8538c","1730438591","100","0xc7bbec68d12a0d1830360f8ec58fa599ba1b0e9b","WETH","USDT","-199359","-196257"
"0x6114da014667d7d3adf1b615b78871fc101690021aaf1f4813b1618abd8972c4","1730438519","500","0x88e6a0c2ddd26feeb64f039a2c41296fcb3f5640","USDC","WETH","-887270","887270"
"0x73bba5d5af87539fc0ae4a812ddc420d9c6bc1ead60c528484a073c1bab49fc6","1730438591","10000","0x2a0330c7e979a4d18e5b0c987b877da24dd37d04","AIOZ","WETH","-87400","-85400"
"0x78c81944e8c801b8a255f3ad1044dfc9dd43f6f2fbf024b8a075c41c5ba5cded","1730438579","3000","0x46077fccd46bc963d32456f931c13324786f8bab","WETH","AVI","140760","140880"
"0x6137177837f6c201e5483f1bc24a364dd6aae35a317e3ee96f59bc53a7ff9782","1730438999","10000","0x7baece5d47f1bc5e1953fbe0e9931d54dab6d810","TURBO","WETH","-126200","-126000"
"0x7a515393b05b625b9f0350721979cfbf5252dd024bb0e93d4718d2bc145724c5","1730438975","100","0x73a38006d23517a1d383c88929b2014f8835b38b","tBTC","WBTC","-230284","-230283"
"0x7c6af506e5b79bbd1fb5ef9868dce6ae23446e7b334f8328b8a3ac57e2857d94","1730438951","10000","0xe936f0073549ad8b1fa53583600d629ba9375161","RNDR","WETH","-64800","-59800"
"0x845ddb9bb550d5a680f6c4b139cba8ec68ce749d3caaaadff8d0bb2094df7fb8","1730439239","10000","0x86e69d1ae728c9cd229f07bbf34e01bf27258354","WETH","TRU","98400","98600"
"0x40d31a42087da24a2a6185e4dad5d35e85e6a25509ad49f1c0f3b300dfacda85","1730439407","3000","0xd493b1934826eeabb260f55d7f51fdefa4b0eed5","DOGE","WETH","-108480","-108420"
"0x6e416d6a4623c1539471e3205dc34f9f9abcd0c4a3cc0b0835f42ce2cd79d892","1730439311","3000","0xd0a4c8a1a14530c7c9efdad0ba37e8cf4204d230","SHFL","USDC","-887220","887220"
"0x1adfd82203fa283a201a2da4d1b6ccc01fe86c4f2272b7d58733b8b3b85d914d","1730439875","10000","0xc872f82ca56378c1d05ad222fbf44229b9532967","KYRA","WETH","62200","62400"
"0x2ce423f91365dedc28ae3f5dd1831ba6cd83c59f1dc070e465ec905123836cc7","1730439875","10000","0x72e0de1cc2c952326738dac05bacb9e9c25422e3","TINC","TITANX","-887200","887200"
"0x2ce423f91365dedc28ae3f5dd1831ba6cd83c59f1dc070e465ec905123836cc7","1730439875","10000","0x14d725edb1299ff560d96f42462f0234b65b00af","HYPER","TITANX","-887200","887200"
"0x4741cdc99bb63405c516e4d5f261bf45a2c522ccf17482505cda789eca7063b1","1730439719","10000","0x7c0d6cbe332dac916944c61956b291a4045f9bfa","Daram","WETH","-887200","887200"
"0x4e0b62c078d596e4d33433a81057da6880d707f8eeb9b98072f8f7f6ec3bd0f9","1730439863","3000","0x15153da0e9e13cfc167b3d417d3721bf545479bb","Neiro","WETH","64320","64380"
"0x51608b8fbd5adb8372dfb390a03545767dea78e485c2edbd0e6225064c82d201","1730439887","10000","0xb53af7e5ae3b6fdcfe861f88ddfa575e75caa012","TEE","WETH","86800","93200"
"0x6317c631065bd2f08eea3b40a93aca57b1dd038a01133dc644b788ad756c9674","1730439839","10000","0x25215d9ba4403b3da77ce50606b54577a71b7895","DRAGONX","TITANX","-887200","887200"
"0x701e56843926e0d63e8b5d262840a94a5d3a8d7b9c22e499679d5cf4d3f2260b","1730439803","10000","0x25215d9ba4403b3da77ce50606b54577a71b7895","DRAGONX","TITANX","20000","26400"
"0x0a8d9ae995288e55923c1092ba466705cb459817c93999122077f285f08c947d","1730440115","10000","0x43e7ade137b86798654d8e78c36d5a556a647224","wQUIL","WETH","130200","130400"
"0x1c9934f5e9a8a159d7f69c0edd7b9d207c52f8ee8586beb58b0df0c65bd608ec","1730440187","10000","0x7c0d6cbe332dac916944c61956b291a4045f9bfa","Daram","WETH","-180600","-163000"
"0x1d3c048d7bbf3a354ed33fa2b4f3699ed8564b2bb1a8c5e7a6c2da457e276eda","1730440091","10000","0x14d725edb1299ff560d96f42462f0234b65b00af","HYPER","TITANX","5400","10800"
"0x2287adadf43768cd29028f953d86a7f612df37cc054423992d09c3a30e1f2636","1730440103","10000","0x34a14b6f05bd4365f2d159fa0ed46201f2eb4665","Frogs","WETH","-274800","-245800"
"0x2292bca07d7c1a80c9a52f13b72dad722146c7f8622e6ff748866bbaaf78843d","1730440067","10000","0x34a14b6f05bd4365f2d159fa0ed46201f2eb4665","Frogs","WETH","-274800","-245800"
"0x2b8d092992e7cf4d39f3ecf9bb74cb2477854e7aa1b4c058966113049303fd69","1730440019","10000","0x14d725edb1299ff560d96f42462f0234b65b00af","HYPER","TITANX","-887200","887200"
"0x53c562a42d89ee9404052ea55607ac511fc6cb0e0a227868b9e5e1510bc8b4f9","1730440139","10000","0x1a5a974874ba51a7b38e30f63449495c58b243e7","Q","WETH","-29000","-24800"
"0x5b2d93857d91b5fe396883be30258bb71bcf7ffad59464c7551287951c6db553","1730439995","10000","0x842293fa6ee0642bf61ebf8310e7e546039ba7f4","MSTR","WETH","136200","136600"
"0x08996bb25f8af9213973e532fbf372df49137af3c0223d803ca8f1ad1f193e22","1730440355","100","0xc7bbec68d12a0d1830360f8ec58fa599ba1b0e9b","WETH","USDT","-199680","-193633"
"0x265f4664776aa0c5fa321360002ac460034c0a4a5ff7f6eea9f837e4029b4309","1730440211","10000","0x2c83c54c5612bfd62a78124d4a0ea001278a689c","HLX","TITANX","-1600","6400"
"0x30badbb175c1a86963842a787cd7faca9f6bad96524fb0031fe023c487e9447b","1730440259","500","0x11b815efb8f581194ae79006d24e0d814b7697f6","WETH","USDT","-197690","-197130"
"0x36614b03443d75b3716b5d23424dc67b83817c57171750f6e6fdbd8bd3c83ff1","1730440427","3000","0x57af956d3e2cca3b86f3d8c6772c03ddca3eaacb","PENDLE","WETH","-62700","-62640"
"0x43d03e65cccb052ba5052f906fc8753d8b3fa5ee2765433e176015079a51eed5","1730440463","10000","0xb53af7e5ae3b6fdcfe861f88ddfa575e75caa012","TEE","WETH","78000","87600"
"0x4c2b08adc59c72a3abab99168d2430b0e944f3d65bedfa218d0bc97033a2b7b0","1730440319","10000","0x961ec3bb28c9e98a040c4bded38917aa96b791be","WETH","MAGA","-45200","-45000"
"0x67ecb3beff13e0d150599bd8bbdd71100a400e599a11fbb3d77ed527b2960746","1730440271","10000","0x72e0de1cc2c952326738dac05bacb9e9c25422e3","TINC","TITANX","-887200","887200"
"0x7a7ff8edb2232d5ea3a0a4f570c0a9bfe2d6628e219fdf1f08308feeda704e68","1730440451","10000","0x72e0de1cc2c952326738dac05bacb9e9c25422e3","TINC","TITANX","-887200","887200"
"0x005e28a94d2e65957fadc1b7f8d2fbf90a72fd0a2004161397d4089a2cbaac69","1730440571","3000","0xcbcdf9626bc03e24f779434178a73a0b4bad62ed","WBTC","WETH","254820","268680"
"0x1769db35d2510f7bf4cca44856a93fed80da09e266ac2038b4db75dca4ce657f","1730440667","10000","0xb53af7e5ae3b6fdcfe861f88ddfa575e75caa012","TEE","WETH","84600","84800"
"0x42ed8136d73f8583e2b6310854e769c15b78023cf3393b8698f7eee7fb77ec79","1730440559","10000","0x5552727005cc8194c1559289a532deb288964fd8","MOODENG","WETH","5200","46000"
"0x4a9b149bd876b89ca5049f5bbddd44a7db9311c13956b8ea4c6fbd76d1e951a2","1730440703","10000","0x72e0de1cc2c952326738dac05bacb9e9c25422e3","TINC","TITANX","-887200","887200"
"0x3c837b4886e691c5493f2d3522a48e1330a6078c1027cb157ea204b2ab2c1caf","1730440883","10000","0xf8f0ef9f6a12336a1e035adddbd634f3b0962f54","DRAGONX","HYDRA","-887200","887200"
"0x3c837b4886e691c5493f2d3522a48e1330a6078c1027cb157ea204b2ab2c1caf","1730440883","10000","0x72e0de1cc2c952326738dac05bacb9e9c25422e3","TINC","TITANX","-887200","887200"
"0x51d9c0a6a82a71c923a3afa88f86507f9de07b354e9f7d8036bd34736b767a22","1730441051","10000","0xf8f0ef9f6a12336a1e035adddbd634f3b0962f54","DRAGONX","HYDRA","-887200","887200"
"0x3fb81cfeab7a8289b32c7d3e92dcb1a32d59dc4b69bcbda92ec365dd52b8c0bd","1730441375","3000","0x0598690ad1daffc3ac47fd6adcaeac547c067e26","ENA","sENA","0","120"
"0x46fe79be8562748380a2f5659c760fc951736bc1b013da54348a6dc53aa3809a","1730441207","3000","0x96467eae14bf1da07b5fedd07b2a4030b8f1481d","wNXM","ICHI","40620","887220"
"0x46fe79be8562748380a2f5659c760fc951736bc1b013da54348a6dc53aa3809a","1730441207","3000","0x96467eae14bf1da07b5fedd07b2a4030b8f1481d","wNXM","ICHI","39660","40620"
"0x46fe79be8562748380a2f5659c760fc951736bc1b013da54348a6dc53aa3809a","1730441207","3000","0x96467eae14bf1da07b5fedd07b2a4030b8f1481d","wNXM","ICHI","40620","887220"
"0x46fe79be8562748380a2f5659c760fc951736bc1b013da54348a6dc53aa3809a","1730441207","3000","0x96467eae14bf1da07b5fedd07b2a4030b8f1481d","wNXM","ICHI","39660","40620"
"0x598e017a7772be223cd5344f9a516441ba882e42d12c24d18a0367bb4078e0f7","1730441291","10000","0x331399c614ca67dee86733e5a2fba40dbb16827c","PORK","WETH","-236200","-230400"
"0x6564c57cd99ba712bb63469b4904faae3925a968901e3489992be1428a4d4970","1730441303","100","0x435664008f38b0650fbc1c9fc971d0a3bc2f1e47","USDe","USDT","-276305","-276304"
"0x10601e1792eae36f9484edfb7dc4d40b4e08c79522b1fc2d6e97f0a91039bdb3","1730441675","500","0x95dbb3c7546f22bce375900abfdd64a4e5bd73d6","EUROC","USDC","940","950"
"0x289cdb2d8be61cc395949dca6ec5af7d53381f67afed010c3cfdcae7ba13f021","1730441507","10000","0x961ec3bb28c9e98a040c4bded38917aa96b791be","WETH","MAGA","-45400","-45200"
"0x045cdfa48f84ddb90682a42b64aecdef585c69947f298e8d7630911dacd724de","1730441879","10000","0xc45a81bc23a64ea556ab4cdf08a86b61cdceea8b","WETH","TITANX","-887200","887200"
"0x069be8e02a3af66d2a0957a21cccbb032c4450ae754ab68c8f8a5fdeecefc490","1730441783","10000","0x842293fa6ee0642bf61ebf8310e7e546039ba7f4","MSTR","WETH","127600","135200"
"0x07de37b3a84a85c29b93c36065548da380ddee227201d246ba09ba87be45c047","1730441939","500","0x95dbb3c7546f22bce375900abfdd64a4e5bd73d6","EUROC","USDC","960","970"
"0x1b30f82532fd74c3539e1fac4dca2337741c16aec06d812f8f86bdef2dd0fcae","1730441867","10000","0x95a45a87dd4d3a1803039072f37e075f37b23d75","VIRTUAL","WETH","-93800","-80600"
"0x1b30f82532fd74c3539e1fac4dca2337741c16aec06d812f8f86bdef2dd0fcae","1730441867","10000","0x95a45a87dd4d3a1803039072f37e075f37b23d75","VIRTUAL","WETH","-93800","-80600"
"0x0befedc01659a6855a3cfe5d566e3ef6d0e577ac41007877aad28cde01b00f1e","1730442083","10000","0x5b73054821fb3eabcca5247d27b78396f13c3d78","LDO","CRV","9200","23000"
"0x0c4798080931808b98752950f261f00a1e6bd7db3ffe2dfdef16ff2f81f969a1","1730442263","10000","0xf8f0ef9f6a12336a1e035adddbd634f3b0962f54","DRAGONX","HYDRA","-887200","887200"
"0x1b6308f1b1e8491adc5bb90f4d2a1e1fb184e9c8227732f734f29404ee0d03ed","1730442203","3000","0xa6cc3c2531fdaa6ae1a3ca84c2855806728693e8","LINK","WETH","-54000","-53940"
"0x2478c4c0ce965855e85d63ea1f1f21ea538233478bcf3ac96320cee0f160c6a3","1730442179","3000","0xe8c6c9227491c0a8156a0106a0204d881bb7e531","MKR","WETH","-6720","-6660"
"0x08b115b734298c7191e7e70a30a86bf27ddff0a294d76025c6d728c463c799d0","1730442563","3000","0x1d42064fc4beb5f8aaf85f4617ae8b3b5b8bd801","UNI","WETH","-60480","-55800"
"0x0a815dc3a91ea5af8451ba8bb143629937e9f55b2d479fe69358ff7df92ac2fb","1730442395","10000","0x4d1eff861316396dd1915f69b49f4c2d7b11590d","JASMY","WETH","-119200","-118800"
"0x5d263e67c07baceaaefe354bdbe44ff3a825dd89d1272927975a1730dceb69c2","1730442335","10000","0xe9a3685b01aedafbdfeede070e5b02a0b8042569","wQUIL","USDC","-68000","-67800"
"0x1ba21250b628a2ac403934ef653285ce08d4a5dd268a19fd7398943702ba561d","1730442887","10000","0x14d725edb1299ff560d96f42462f0234b65b00af","HYPER","TITANX","-887200","887200"
"0x43e97188f340250ac2b9a41ee2e58c22626e81ebba8e4c796f5b81807eaa0d16","1730442683","10000","0x11f851639dd46a07f178e81ee1b234e91fd89c97","wBAI","USDC","-55400","-49800"
"0x223826b9df2990f2873930a0a874371cc49f3c282a9cb6f08e24db27b78ef93f","1730443139","10000","0x961ec3bb28c9e98a040c4bded38917aa96b791be","WETH","MAGA","-45200","-45000"
"0x32a71296ab2f317c96722a0e548835c5ba5a0abe1b8262fde7c1fb0ebc4963a4","1730442959","500","0x11b815efb8f581194ae79006d24e0d814b7697f6","WETH","USDT","-198170","-198160"
"0x54ac50c2f293ef20a1e3a72b4d04353f2f3d6bfd177af42b31de09c249248dcb","1730443187","500","0x11b815efb8f581194ae79006d24e0d814b7697f6","WETH","USDT","-198370","-198360"
"0x5f4667fa1175c58df4d87cee7654de4f7128bbccbcdd16d407df5b5b6e8e6abd","1730443115","10000","0x43e7ade137b86798654d8e78c36d5a556a647224","wQUIL","WETH","130000","132200"
"0x6b341fd362cf9cfa6e256daf53137736137596d74305e149ae83747ecaa416a5","1730443427","3000","0xdd2e0d86a45e4ef9bd490c2809e6405720cc357c","PYUSD","USDT","-60","0"
"0x1a66d37d53d1709b1db8ebd752495fa38bc894bc520d2f9cd113ff8ecbc4f661","1730443751","500","0x11b815efb8f581194ae79006d24e0d814b7697f6","WETH","USDT","-198350","-198340"
"0x474cadebf7afc200745eaac6d3a30eaace99823231e04a6fff3bdb83eb41d470","1730443595","10000","0x120ffad35bb97a5baf9ab68f9dd7667864530245","APU","WETH","-165200","-126200"
"0x6e9aeada3c507c1464fc97effe173db5151964948e93af8ab79a316f28a64c36","1730443631","10000","0x8682fc63dc2525fd2e5ed4e28e207a2fd9f36dab","GOAT","WETH","26400","26600"
"0x1734a3f6a170ce4f651d1febb9f911a70f2124579ac912c52c40d18e07934ac8","1730443943","500","0x11b815efb8f581194ae79006d24e0d814b7697f6","WETH","USDT","-198210","-198200"
"0x274f3808706e3fa69dfcb3bd5a7ab35a5bbac7c8a5991854a5162b406810fbc7","1730443883","3000","0xcbcdf9626bc03e24f779434178a73a0b4bad62ed","WBTC","WETH","258660","259440"
"0x542053526fe0444b61918eb0501cb1c25b1dc5921cec35a84c153918b25e4778","1730443871","3000","0x02e9b41cfed25f5c14c3823e912ee0c8bf68be3e","DMTR","WETH","-105540","-91680"
"0x01361020b7de430e010bacca8c39ed64d10c8d0aef7d715d4f89c07292c55271","1730444171","500","0x95dbb3c7546f22bce375900abfdd64a4e5bd73d6","EUROC","USDC","970","990"
"0x2f3548b57a1e9c3c3b0ed31cc985b6790ee0f6e28bb8b7b4e1df93c0f7f50582","1730444207","10000","0xc45a81bc23a64ea556ab4cdf08a86b61cdceea8b","WETH","TITANX","-887200","887200"
"0x2f3548b57a1e9c3c3b0ed31cc985b6790ee0f6e28bb8b7b4e1df93c0f7f50582","1730444207","10000","0xc45a81bc23a64ea556ab4cdf08a86b61cdceea8b","WETH","TITANX","-887200","887200"
"0x2f3548b57a1e9c3c3b0ed31cc985b6790ee0f6e28bb8b7b4e1df93c0f7f50582","1730444207","10000","0xc45a81bc23a64ea556ab4cdf08a86b61cdceea8b","WETH","TITANX","-887200","887200"
"0x3d7e43551c67f43d30d1625bb2573a15de706dcf80a29b8967ab2dd0cb1a2027","1730444255","10000","0x43e7ade137b86798654d8e78c36d5a556a647224","wQUIL","WETH","115200","134600"
"0x4d36fbd40e296b821979024d07aaa25562b10e1717b5cf94cbd65b5aeda95e4e","1730444315","3000","0x7c706586679af2ba6d1a9fc2da9c6af59883fdd3","WETH","SPX","-149280","-149220"
"0x20095055c64b97bde3f6ffbe5c12273dbbc5e640e847a81756bd75e91d78e736","1730444519","10000","0x0df7d88e55a3840a72e2b8bf77b27b119fbb200a","Jingle","WETH","-163400","-154200"
"0x0c9ee2b18c8257c6a327dae4b6cc7fad43f9d224a015249228e0586597b5dd91","1730444867","3000","0x33676385160f9d8f03a0db2821029882f7c79e93","RLB","USDT","-303660","-303600"
"0x285e7c3a633516c240d126b6ddb9df0cff38aeb4076474925865d7e651967ec0","1730444879","10000","0x43e7ade137b86798654d8e78c36d5a556a647224","wQUIL","WETH","134000","140600"
"0x3e9b7b35e8e579fad37f1a0c7712c93bf435e04f11a249f41b0d1ca6eaf3d5a5","1730444735","10000","0xf8f0ef9f6a12336a1e035adddbd634f3b0962f54","DRAGONX","HYDRA","-887200","887200"
"0x5728d3aabbaeb8a6c587f2d8b777efdc9c5f2a1829fb2dcdb1836ec60851a570","1730444975","10000","0x25215d9ba4403b3da77ce50606b54577a71b7895","DRAGONX","TITANX","22400","27600"
"0x26c920755e3d09dfd3e0c3dba98b2f3ccf51bc7950cb514dcff1b16266f67d1f","1730445083","10000","0xe5771a1fd7c4059bc57037edff952790d690ec71","WETH","BONZI","115200","168200"
"0x00360475b984cff0594aa5875e1e24cb1be4b00990ddfab96cfa455f51459508","1730445371","3000","0x6a888fb73f13104473a4bdfb1beb220ac1eafda3","MAVIA","WETH","-75960","-75900"
"0x2e15017dc81e41b039003d3269c06225e447d63b06be3d8666099e2918a5663a","1730445347","3000","0x99ac8ca7087fa4a2a1fb6357269965a2014abc35","WBTC","USDC","64020","64860"
"0x253d2f8ee905943d36ceb5881f443bf56e7bc1cffd7df71621b956c48295eaaf","1730445983","3000","0x11950d141ecb863f01007add7d1a342041227b58","PEPE","WETH","-194460","-191760"
"0x5cfb8146c9b0b24036e094c6df5527193ef58e1634ecdae09fc193eb6dded52c","1730446199","500","0x95dbb3c7546f22bce375900abfdd64a4e5bd73d6","EUROC","USDC","950","970"
"0x621f8cfd394d7102a7416a18a171fdc8ac0e9667e449ebae7e8f68b8acf0eb1a","1730446199","3000","0x2982d3295a0e1a99e6e88ece0e93ffdfc5c761ae","wTAO","WETH","182400","193560"
"0x19efc1b0a2a8c92eff123abd09e14fe6cddc49914e2878e4500b78c09e140be5","1730446355","10000","0x72e0de1cc2c952326738dac05bacb9e9c25422e3","TINC","TITANX","-887200","887200"
"0x19efc1b0a2a8c92eff123abd09e14fe6cddc49914e2878e4500b78c09e140be5","1730446355","10000","0x2a216495584e406c39582d3ee583aeda937beba6","ORX","TITANX","-887200","887200"
"0x19efc1b0a2a8c92eff123abd09e14fe6cddc49914e2878e4500b78c09e140be5","1730446355","10000","0x3f1a36b6c946e406f4295a89ff06a5c7d62f2fe2","VOLT","TITANX","-887200","887200"
"0x31716bb2128abebceb1ff6607fe63b86a02d077bcc5ef664da68d3d7469b49ff","1730446763","10000","0x841820459769cd629b10a36fd12e603938cc2679","WLD","WETH","-79000","-68400"
"0x5fd05ae706c79fbf19b4825b63e83688f9917f75479dadd704033c12d6b630bf","1730446991","10000","0x3f1a36b6c946e406f4295a89ff06a5c7d62f2fe2","VOLT","TITANX","-887200","887200"
"0x6f799237f149c863b3d9157494313bed89b2d9ef1795376b31c5d273e850450d","1730446811","10000","0xf8f0ef9f6a12336a1e035adddbd634f3b0962f54","DRAGONX","HYDRA","-887200","887200"
"0x6f799237f149c863b3d9157494313bed89b2d9ef1795376b31c5d273e850450d","1730446811","10000","0x3f1a36b6c946e406f4295a89ff06a5c7d62f2fe2","VOLT","TITANX","-887200","887200"
"0x2232923b61cd2c9a333d1d23e3aa786b9c78609546361a3d2619fe6c3c362de0","1730447171","10000","0x5f1b11535da9f44f74aec8eef1d10c83026fe53e","BEARDY","TSUKA","-887200","887200"
"0x6147f539910987251bb05d8861013d6bca68cd3826114ea99ca65e83e757736e","1730447255","10000","0x3f1a36b6c946e406f4295a89ff06a5c7d62f2fe2","VOLT","TITANX","-887200","887200"
"0x1260030f1b2cc6425947c9f1d003f1e433e72a5761b6c75f4bdd738e48d4a213","1730447471","10000","0x49727bbe3ba46aeb1058749ed2741a42fd1ccda8","OX","WETH","-127200","-126800"
"0x12d06ba9dc1391fff561291631b5321392884ac9bd973fd5d92f34eddcdc3c27","1730447459","10000","0x842293fa6ee0642bf61ebf8310e7e546039ba7f4","MSTR","WETH","128400","139000"
"0x602c9ac6fd0efba08c69ce178f74aa025d090ef5b8579f0373da7805a7c7d34c","1730447555","10000","0x763c4978b8536d5eb18fb846b91a2d3ae3e31b0c","MORPH","DRAGONX","-27800","-23000"
"0x49e318a21860ffdc45dc531c6c81eb9c9f4eecd4f51e469dadf90995d897d4fd","1730447747","10000","0xbe24f9952bf2a15bc4d2661151049d9588d6c0cb","WETH","DSync","94800","96800"
"0x67465ac00db30b1eabb5aaea68e8a97081965295c9a66f1a064eeae57638b68b","1730447891","10000","0x593974accc0ec830d8ce24e12f4629f05315c4ba","BCRED","WETH","-29600","-27800"
"0x7c7ab3c45aa8c9b300eaee9e3c4c190ecc6fb160769e4094ea8c8cb141c0ed5c","1730447879","10000","0x72e0de1cc2c952326738dac05bacb9e9c25422e3","TINC","TITANX","-887200","887200"
"0x7c7ab3c45aa8c9b300eaee9e3c4c190ecc6fb160769e4094ea8c8cb141c0ed5c","1730447879","10000","0x72e0de1cc2c952326738dac05bacb9e9c25422e3","TINC","TITANX","-887200","887200"
"0x7c7ab3c45aa8c9b300eaee9e3c4c190ecc6fb160769e4094ea8c8cb141c0ed5c","1730447879","10000","0x72e0de1cc2c952326738dac05bacb9e9c25422e3","TINC","TITANX","-887200","887200"
"0x0a4e23a77bcaf1439bdb3b24ebe7467b0b9d8d6dd23d13b3fcc25b184fed241f","1730448143","3000","0x127452f3f9cdc0389b0bf59ce6131aa3bd763598","WETH","SOL","-181620","-177780"
"0x36343cb368714eee7dfe9304c5714ed1f072604e5e0c229d0c4a9c5df3b90069","1730448155","10000","0x25215d9ba4403b3da77ce50606b54577a71b7895","DRAGONX","TITANX","25400","26200"
"0x49d7749a5d60a45fe15a4fa6a355de18a7985b9c38eb40f61b4b5c0ce8b6f443","1730448191","10000","0x3f1a36b6c946e406f4295a89ff06a5c7d62f2fe2","VOLT","TITANX","-887200","887200"
"0x5e646f1e210b2c397d1c8d9e206275ece64fcacef2f36a10e95d474d3bd1267c","1730448059","10000","0xe9a3685b01aedafbdfeede070e5b02a0b8042569","wQUIL","USDC","-67200","-67000"
"0x5e646f1e210b2c397d1c8d9e206275ece64fcacef2f36a10e95d474d3bd1267c","1730448059","10000","0xaa683fd3ae3033e0f3ffba14619e5371057740b7","MAZZE","WETH","-143000","-142800"
"0x62ec6a4f4a50bdccdd5b51a2161ae2f05a391d8fb41c9217d667ce538d476319","1730448011","10000","0x3f1a36b6c946e406f4295a89ff06a5c7d62f2fe2","VOLT","TITANX","-887200","887200"
"0x00ba67d35d3618c8c5d4759714507399d2a39f4b0790109253cf73bb0dae236e","1730448371","3000","0xac4b3dacb91461209ae9d41ec517c2b9cb1b7daf","APE","WETH","-77760","-74400"
"0x024fd48cbc1725491c31704130339d0ef60f83a290962c15b4f31d52f330cd35","1730448371","10000","0xc45a81bc23a64ea556ab4cdf08a86b61cdceea8b","WETH","TITANX","-887200","887200"
"0x024fd48cbc1725491c31704130339d0ef60f83a290962c15b4f31d52f330cd35","1730448371","10000","0x3f1a36b6c946e406f4295a89ff06a5c7d62f2fe2","VOLT","TITANX","-887200","887200"
"0x0c7afdeb6c9ed862e4694c51e8db273efa5f14de255be957d74c6360581b46ce","1730448323","10000","0xf8f0ef9f6a12336a1e035adddbd634f3b0962f54","DRAGONX","HYDRA","8800","11000"
"0x17ee33aed308abd86d2cd943e1a7fe7b9e768c3f2935f8eb721fef3ba48a710f","1730448551","3000","0x8ad599c3a0ff1de082011efddc58f1908eb6e6d8","USDC","WETH","198060","198120"
"0x1df4547c9b63419d3c4157d3566facfd971cf825834c3937b515f83446cc8829","1730448587","10000","0xc45a81bc23a64ea556ab4cdf08a86b61cdceea8b","WETH","TITANX","-887200","887200"
"0x2b44884ec8e0e0998348808c3df8093e4367806ac64d9c9db5049da1f0293f6c","1730448383","500","0x4585fe77225b41b697c938b018e2ac67ac5a20c0","WBTC","WETH","261150","263550"
"0x3d0d0dcbc419b49dd9a08cb01fbdbad1750ff0005da4ab577fc84b9b2e27845e","1730448467","10000","0x43e7ade137b86798654d8e78c36d5a556a647224","wQUIL","WETH","131000","131400"
"0x41532be41c779e99a6dcb00369a0c65cfabc7d85255e3c46324300b87208f258","1730448335","10000","0x7c0d6cbe332dac916944c61956b291a4045f9bfa","Daram","WETH","-182600","138200"
"0x4c847143dffeed8df597b8ef065f2adef91b6ad04942eb500a25eb12925dfea8","1730448539","10000","0xf8f0ef9f6a12336a1e035adddbd634f3b0962f54","DRAGONX","HYDRA","5600","6600"
"0x00f25c6aad4939fb4b8b3fb684b1f8f2bf04e75b4effe27ed16d1a2b89a6c2b4","1730448827","10000","0xc45a81bc23a64ea556ab4cdf08a86b61cdceea8b","WETH","TITANX","-887200","887200"
"0x33c16cc3f9ac48dab63831f7beb3db220d210bae1082549320a1ab4d0c2c10d9","1730448839","10000","0xf8f0ef9f6a12336a1e035adddbd634f3b0962f54","DRAGONX","HYDRA","-887200","887200"
"0x310745ab86dd6457754ac3cec648fed6361b7033edeb407b483787c476890e65","1730449103","3000","0x033e7b3c5f9d06ece1e30c463f6e90541b45037a","rpmm","WETH","-257400","-250440"
"0x310745ab86dd6457754ac3cec648fed6361b7033edeb407b483787c476890e65","1730449103","3000","0x033e7b3c5f9d06ece1e30c463f6e90541b45037a","rpmm","WETH","-257400","-250440"
"0x50f80119366af3756dcd884c194bd2dc7592fc50b72a1cdb9b5e18dbf54fbe6c","1730449115","10000","0x43e7ade137b86798654d8e78c36d5a556a647224","wQUIL","WETH","130200","130800"
"0x1d34015d0ad6175a24e66aca7981cd98fb039dd57f1f8f1dd4bf6bca58d09726","1730449283","3000","0x7c706586679af2ba6d1a9fc2da9c6af59883fdd3","WETH","SPX","-149820","-149760"
"0x3a4ad6c35eaadd1056415ada3b111dd9f3ab96a81f560ba9b7891628b05ee2f7","1730449355","3000","0x2982d3295a0e1a99e6e88ece0e93ffdfc5c761ae","wTAO","WETH","189540","197040"
"0x3a4ad6c35eaadd1056415ada3b111dd9f3ab96a81f560ba9b7891628b05ee2f7","1730449355","3000","0x2982d3295a0e1a99e6e88ece0e93ffdfc5c761ae","wTAO","WETH","189540","197040"
"0x3f7a92d284dc9f5ed8c89f852040e40a49a872b09b5b18c7199cc2b20e0de0e2","1730449391","3000","0xfa45c879fd120d6cc493113ae212a853531f3d91","WETH","NEIRO","-107700","-103680"
"0x50004607dfc425b6dfbd59488e653f213c973a17d6c4508202e5893f43c1142d","1730449211","10000","0xc593fe9193b745447e86b45ea0bf62565ee030cc","WETH","ANYONE","80600","80800"
"0x26bd417de6da9dbb4082739cae46244b15c8a04c93cb5d464db50e706d6437b2","1730449571","10000","0xf8f0ef9f6a12336a1e035adddbd634f3b0962f54","DRAGONX","HYDRA","-887200","887200"
"0x47afcef331d240c862ade3f02ff7fbf31e630d3a1120cf5112dd3fbbee5f5f2c","1730449715","10000","0x602cb3931406c9b98cc328ab406e50d6a32e559c","TRUF","WETH","-109200","-108400"
"0x47afcef331d240c862ade3f02ff7fbf31e630d3a1120cf5112dd3fbbee5f5f2c","1730449715","10000","0x602cb3931406c9b98cc328ab406e50d6a32e559c","TRUF","WETH","-110000","-109200"
"0x5abbd74bd69aab2d2ff53cc714df8dec78cc356309d05650de1e7a817ef2a9b2","1730449631","10000","0xf8f0ef9f6a12336a1e035adddbd634f3b0962f54","DRAGONX","HYDRA","-887200","887200"
"0x09b8d00bb315a9052ac3d491ac98c3cce0bea7ff2497af01fe987e4c5da52936","1730449871","3000","0x15153da0e9e13cfc167b3d417d3721bf545479bb","Neiro","WETH","63840","63900"
"0x0d630a44fc4ce42b6ea1ed555a3cc26db35eeb1c28c31324ce509897b0097bfd","1730450327","10000","0x25215d9ba4403b3da77ce50606b54577a71b7895","DRAGONX","TITANX","-887200","887200"
"0x13bde218edc8a9d4c561b35252136280f61f2c2a7ab2e6128c03554597a9c334","1730450339","10000","0xf8f0ef9f6a12336a1e035adddbd634f3b0962f54","DRAGONX","HYDRA","-887200","887200"
"0x13bde218edc8a9d4c561b35252136280f61f2c2a7ab2e6128c03554597a9c334","1730450339","10000","0x72e0de1cc2c952326738dac05bacb9e9c25422e3","TINC","TITANX","-887200","887200"
"0x18a02e8fc9728d37a5a097442b1543b55fdef3c8cc3e628882681e4b04fe566a","1730450375","3000","0x1d42064fc4beb5f8aaf85f4617ae8b3b5b8bd801","UNI","WETH","-58740","-57600"
"0x1c5a12b3928780c9b6b787f1fa25f833af53dbd2c3324339fe1fd04c362cc83c","1730450159","10000","0xc923b3d24d9c831c3064a8aecc03b390db6b5eab","ML","WETH","-102400","-100600"
"0x3afa8946e7e460237ba296b697490ccd159117b43b5336c01100551b08bab0f5","1730450291","10000","0x763c4978b8536d5eb18fb846b91a2d3ae3e31b0c","MORPH","DRAGONX","-887200","887200"
"0x4cba5ae9f45e88ce82e80fe61612e51c19d042e04430ffeb8f6219469dc86ccf","1730450243","3000","0x0598690ad1daffc3ac47fd6adcaeac547c067e26","ENA","sENA","0","180"
"0x4d728fe080192740c5ef2aabe9833935fb2fb7325b305af14e6f4bb7ec4c3d7a","1730450267","3000","0x0598690ad1daffc3ac47fd6adcaeac547c067e26","ENA","sENA","0","180"
"0x58dfc6e86f81486d3d507d830126de90a06fe4112ff0954a65664b314048f256","1730450387","100","0x177622e79acece98c39f6e12fa78ac7fc8a8bf62","cbETH","WETH","736","827"
"0x0ab9dcf87b933e51718292309afb06c2436d53a519f2df64e1cc6da794d7143a","1730450495","10000","0xf8f0ef9f6a12336a1e035adddbd634f3b0962f54","DRAGONX","HYDRA","-887200","887200"
"0x5d57b73d8e87f374c0c0618da3861086d2fce1685293bc19e3055ef99cb0b3f6","1730450519","10000","0x286431024acfab509d5d6beb64066c52e205f460","WETH","ETHC","73000","73200"
"0x008091b374377147a77caa163751a3584ed8134729d50d80e9414e5fee4df73d","1730450891","10000","0x43e7ade137b86798654d8e78c36d5a556a647224","wQUIL","WETH","128600","131600"
"0x06781056acb3c875a2904acfe0718d63e66b638c3236789a437e2bfdfd70aa1e","1730451119","10000","0x34da451e8f5b02dc177247c2ba45bc9d3b5c9394","CYDX","WETH","-115800","-115600"
"0x14ed9786160813998701c9ce9bbe7763ede97c4a6afdcfbbbfc499f364f9dcd6","1730451035","10000","0x72e0de1cc2c952326738dac05bacb9e9c25422e3","TINC","TITANX","-887200","887200"
"0x14ed9786160813998701c9ce9bbe7763ede97c4a6afdcfbbbfc499f364f9dcd6","1730451035","10000","0x25215d9ba4403b3da77ce50606b54577a71b7895","DRAGONX","TITANX","-887200","887200"
"0x25cee2c08737946ba79df9f132babac0e0ab89ed34efe606de3928b06c2f55df","1730451299","10000","0x2a9d2ba41aba912316d16742f259412b681898db","XEN","WETH","-245000","-236600"
"0x5b86cac690999fc3fb19793f32862efef3be6b442e6948876e4bbf566cf0bc6d","1730451023","10000","0xf8f0ef9f6a12336a1e035adddbd634f3b0962f54","DRAGONX","HYDRA","-887200","887200"
"0x5b86cac690999fc3fb19793f32862efef3be6b442e6948876e4bbf566cf0bc6d","1730451023","10000","0x72e0de1cc2c952326738dac05bacb9e9c25422e3","TINC","TITANX","-887200","887200"
"0x5b86cac690999fc3fb19793f32862efef3be6b442e6948876e4bbf566cf0bc6d","1730451023","10000","0x14d725edb1299ff560d96f42462f0234b65b00af","HYPER","TITANX","-887200","887200"
"0x5b86cac690999fc3fb19793f32862efef3be6b442e6948876e4bbf566cf0bc6d","1730451023","10000","0x3f1a36b6c946e406f4295a89ff06a5c7d62f2fe2","VOLT","TITANX","-887200","887200"
"0x155d9b7fb8cb5cc2c6e3357a1fc0e090ed55ac958b5ffea7a537ab85188a51f2","1730451551","10000","0x7c0d6cbe332dac916944c61956b291a4045f9bfa","Daram","WETH","-887200","887200"
"0x1a7e9ea4c22e362c85524a19ba49e51837d6a9a63d075f0f5ce18aa833b2889b","1730451467","10000","0x43e7ade137b86798654d8e78c36d5a556a647224","wQUIL","WETH","129000","131600"
"0x38e71bc6cd34734269317883c3f16e14b689258a8b19b106199f55262af7b2d7","1730451479","10000","0x842293fa6ee0642bf61ebf8310e7e546039ba7f4","MSTR","WETH","129000","134000"
"0x4ba9f5f61622e5268ba6223ccb828dd7a832afb3dbabef00269b31f71beb6b8a","1730451347","10000","0xa3c61c2f81519953112b78a603353f4360a33a72","WETH","ZK","74800","81600"
"0x5f5c9c97b7983d663dba761f3fdc4d67cdb5adda19ea49229fe4fe41024ad38c","1730451395","10000","0x7c0d6cbe332dac916944c61956b291a4045f9bfa","Daram","WETH","-189400","-172800"
"0x6f06cb34942457936d57110bc6eab98778da937409cca9deb92ee559c8e0b23b","1730451515","10000","0x7c0d6cbe332dac916944c61956b291a4045f9bfa","Daram","WETH","-887200","887200"
"0x007bff9f4d273d6e83aff15da995d194fc423fc09be818fcbf261c8a123862c6","1730451707","10000","0xe936f0073549ad8b1fa53583600d629ba9375161","RNDR","WETH","-61000","-58600"
"0x1b8b9d643827f0fbfaf26160800204b9915f20e16b4de744fb8697b706cc2d4a","1730451863","3000","0x1d42064fc4beb5f8aaf85f4617ae8b3b5b8bd801","UNI","WETH","-59700","-57240"
"0x305c14c9310a1ea16fc710962bc3e8113d1f399f7472c56b6dfca58cc18c50da","1730451635","10000","0x43e7ade137b86798654d8e78c36d5a556a647224","wQUIL","WETH","124200","138000"
"0x5979668f54cfc961f446d5012f059123473bcc48e3ef054fb25508f827aed760","1730451719","3000","0xc2c390c6cd3c4e6c2b70727d35a45e8a072f18ca","WETH","EIGEN","63180","67620"
"0x7057dc77fb499cc96be6f00dbb623a0b6768c2a0c87bcf5b2d2e1e8aabe1ed85","1730452103","3000","0xcbcdf9626bc03e24f779434178a73a0b4bad62ed","WBTC","WETH","261180","262740"
"0x0b9b4d6db4dce66eea8e558bf124500279824439201fc8b50a66cabb7f8fac2a","1730452235","10000","0x43e7ade137b86798654d8e78c36d5a556a647224","wQUIL","WETH","128000","137200"
"0x6643ea4c0a67b152e0471b902690d62587bcea57eec78694bb23fdbfa66590aa","1730452331","10000","0x9f2ebe69a86c079f3d4c3b94a11932b676b72f74","BabyDoge","WETH","-70000","-68800"
"0x0fffe307331ccc9e2e5374d2d4268e48bc95344c7f2f0c31cae106062b454ae4","1730452631","10000","0xc45a81bc23a64ea556ab4cdf08a86b61cdceea8b","WETH","TITANX","214400","214600"
"0x1b06bcaa87a236df18530efd1a150142ae177d66c7ce0df443221f0dcf1e3af8","1730452727","10000","0x8cd6c8c449918d92d2ad4658c32f2e2ff1e7096d","WPLS","WETH","-178000","-177800"
"0x2846bc48705738233e4768e76b6eb66f992eca5a07fdea949bb9b5d037acd3aa","1730452715","500","0x88e6a0c2ddd26feeb64f039a2c41296fcb3f5640","USDC","WETH","196880","198400"
"0x2846bc48705738233e4768e76b6eb66f992eca5a07fdea949bb9b5d037acd3aa","1730452715","500","0x88e6a0c2ddd26feeb64f039a2c41296fcb3f5640","USDC","WETH","196880","198400"
"0x52d204db33b88acdc91fabf01e35d1f5c49e6a6ec848505fdbf9f751bd7ee64b","1730452607","10000","0x9b897fc62a76bcca09caf21844461fca118a2e11","LUCE","WETH","-6400","30600"
"0x587dc86fe5c7677b82df28bda2c9abf2453abd290e4e72aeba69c0d446a1fe8a","1730452571","3000","0x5b7e3e37a1aa6369386e5939053779abd3597508","WETH","RIO","74280","84240"
"0x03dfb2e708a359518c9990e113f578ce16eba8ca85e1781b9c420108e3415631","1730453063","10000","0x6a9c4fc2b35ee398e7a0e75d982872466ba93cb8","TONCOIN","USDT","-54200","-48600"
"0x03dfb2e708a359518c9990e113f578ce16eba8ca85e1781b9c420108e3415631","1730453063","10000","0x6a9c4fc2b35ee398e7a0e75d982872466ba93cb8","TONCOIN","USDT","-54200","-48600"
"0x09f8ee0af1c16970f58d42be0e79e2fdf9db176888c92e85c6ee9d832a892816","1730452919","10000","0xfd76be67fff3bac84e3d5444167bbc018f5968b6","WETH","IMX","76800","77000"
"0x3dfe0b4854531c5e7041e8044f6c362c4d308e368c8452f77f71564ec4fec127","1730452907","10000","0x15a1902069499fa225ca9bb3b5fdedf7d331e939","VOLT","LOTUS","-887200","887200"
"0x5a5c619020102716b9b472e967af5bc30a54bfa0b87816dd5b1bda0000c3ba83","1730452907","10000","0x238cea79270590aff83dd27d506a6a8b445ee8eb","VOLT","WETH","-108800","-102400"
"0x6e48c19e02f319e96b9d703f16f7380ae1d0d3266a0b9f5bdf916c3a8a42985e","1730452895","500","0x88e6a0c2ddd26feeb64f039a2c41296fcb3f5640","USDC","WETH","198070","198080"
"0x09909088c75496dcd8ed017ab287b564088029aff44ba1e3901288123d098a19","1730453135","100","0xc7bbec68d12a0d1830360f8ec58fa599ba1b0e9b","WETH","USDT","-198270","-198269"
"0x0c9ba01e7060b78f63b086c82c10b73feb610a3298b912fbcf6b8d036310ffe0","1730453303","10000","0x1e90b67149e688dfb95fd73acacd8adefd16d88d","INF","TITANX","-1400","11000"
"0x3f35531463eac4e94ea2d813c407d5678f536db40d6ecc58782b7af278ded92a","1730453123","10000","0x43e7ade137b86798654d8e78c36d5a556a647224","wQUIL","WETH","128800","131200"
"0x5c08c731cc3cf1da1c7f36908a9ec4c7f7dc6e0f1bff8d8875e1fe2796ab1723","1730453231","500","0x88e6a0c2ddd26feeb64f039a2c41296fcb3f5640","USDC","WETH","186450","198450"
"0x632cab315ff7eed70f6c4288aae6ecbc6f1ea87917d2951df4f30294356598be","1730453291","10000","0x763c4978b8536d5eb18fb846b91a2d3ae3e31b0c","MORPH","DRAGONX","-30400","-23000"
"0x70c9d045c70fcd3a0599f9ae3f6dd693907a36ac226c23737c18d3db0967c8dd","1730453207","10000","0x2b43fe4f41d871fbc75af6e0ce85bce38ff1edc7","Coval","WETH","88000","88200"
"0x5e6c5c006b930d6b83d9dc16d4e1f868a891158b6ebee610e05e88fd9431b7c3","1730453699","10000","0x43e7ade137b86798654d8e78c36d5a556a647224","wQUIL","WETH","129000","133000"
"0x5e6c5c006b930d6b83d9dc16d4e1f868a891158b6ebee610e05e88fd9431b7c3","1730453699","10000","0x43e7ade137b86798654d8e78c36d5a556a647224","wQUIL","WETH","129000","133000"
"0x00aad9440a762a479c0c7ce2d831ab9c0535bc7273d640769a738ad5e54714e6","1730453735","10000","0x34a14b6f05bd4365f2d159fa0ed46201f2eb4665","Frogs","WETH","-274600","138200"
"0x20eef8d6c9edec3f07c66acacbbb733b41c82ce28f5c3d2ad5fb502bb454873c","1730453903","10000","0x5aaa28ca43c6646fd1403e508f0fca1d92357dde","LCX","WETH","-94400","-87600"
"0x39a9f08c3e368d7d6d4f4c029cef5a929d996f0e9a4167a0f7ecfbea583b8900","1730453795","500","0x88e6a0c2ddd26feeb64f039a2c41296fcb3f5640","USDC","WETH","195280","198620"
"0x1b9257147ce9a9f0b5eb9ba8ecfb97680af8fd027439d4c604ddee92729a72f6","1730454095","10000","0x43e7ade137b86798654d8e78c36d5a556a647224","wQUIL","WETH","127000","131800"
"0x2ca04658ef57867e726160d86b133350865d22f2e3b80d1f44066594951115cd","1730454071","10000","0xdd949d1fe117744a38319c7b7dcc045d630bcc8d","WETH","BERRY","95600","101000"
